"Time (s)","Sound pressure level (dB)"
0.000000000E0,-7.335373921E1
1.915223333E-1,не число
2.970738333E-1,-7.039111327E1
3.998205417E-1,-6.363278096E1
5.056208750E-1,-6.355289323E1
6.126334167E-1,-6.394851838E1
7.181085833E-1,-6.216628743E1
8.207324167E-1,-6.309139394E1
9.267014167E-1,-6.527224769E1
1.033475875E0,-6.582031342E1
1.136579000E0,-6.624132060E1
1.243863875E0,-6.487978753E1
1.346723333E0,-6.714973585E1
1.452578833E0,-6.519753029E1
1.555123750E0,-6.590322586E1
1.661822292E0,-6.616891097E1
1.768123542E0,-6.581753451E1
1.873573125E0,-6.600670734E1
1.980281833E0,-6.705281710E1
2.084735208E0,-6.556995476E1
2.189101833E0,-6.667840831E1
2.291586958E0,-6.722110784E1
2.398382833E0,-6.696414235E1
2.501420542E0,-6.751845674E1
2.607535500E0,-6.607612999E1
2.709998208E0,-6.756042514E1
2.816773500E0,-6.708711064E1
2.923465917E0,-6.694273532E1
3.028141917E0,-6.873334167E1
3.134751292E0,-6.685998299E1
3.236768625E0,-6.726801576E1
3.343557250E0,-6.832731216E1
3.446740417E0,-6.875650320E1
3.553576458E0,-6.726164446E1
3.660369125E0,-6.876148789E1
3.764716333E0,не число
3.866731625E0,-6.757569512E1
3.973534083E0,-6.500563162E1
4.080322542E0,-6.540355459E1
4.183153167E0,-6.173177902E1
4.289983708E0,-5.604602831E1
4.396736167E0,-5.451239907E1
4.501282375E0,-6.179173846E1
4.607999708E0,-6.343813467E1
4.714731458E0,-6.158408555E1
4.819221375E0,-5.753744499E1
4.926039875E0,-5.671291966E1
5.032751583E0,-6.169848229E1
5.137334708E0,-6.208114235E1
5.244066583E0,-6.681600852E1
5.350807292E0,-6.665042189E1
5.455491667E0,-6.623612754E1
5.560754250E0,-6.599154725E1
5.667439792E0,-6.290114337E1
5.773496208E0,-5.198862948E1
5.877380750E0,-5.721363709E1
5.984152167E0,-6.091785278E1
6.089478000E0,-6.424767976E1
6.194044083E0,-6.251909238E1
6.300786333E0,-6.571682802E1
6.407441208E0,-6.185803478E1
6.509966833E0,-6.411272868E1
6.616785875E0,-6.837209911E1
6.719013208E0,-6.881522486E1
6.825727750E0,-6.776142127E1
6.932301875E0,-6.386391010E1
7.039075750E0,-6.621688646E1
7.144020042E0,-6.753073044E1
7.246419083E0,-6.894977378E1
7.351051917E0,-6.656181833E1
7.457826042E0,-6.670714770E1
7.564483833E0,-6.261547181E1
7.667712208E0,-6.283554360E1
7.773541958E0,-6.435927852E1
7.880358708E0,-6.611355451E1
7.984309667E0,-6.239268126E1
8.090958458E0,-6.658787071E1
8.197668875E0,-6.690002747E1
8.300967917E0,-6.826933949E1
8.407669542E0,-6.111985207E1
8.514376042E0,-5.427723031E1
8.619035667E0,-6.726217017E1
8.725716250E0,-6.732843210E1
8.832366333E0,-5.775086106E1
8.937146458E0,-6.357079848E1
9.043883958E0,-5.270260226E1
9.150613375E0,-5.874028866E1
9.255194208E0,-6.351948781E1
9.361187708E0,-6.821952922E1
9.467733125E0,-6.004492727E1
9.573231542E0,-6.062894597E1
9.680062917E0,-5.685794810E1
9.784333917E0,-6.541041045E1
9.889150333E0,-6.619801155E1
9.991693167E0,-6.688455514E1
1.009665629E1,-6.742384206E1
1.020102675E1,-6.747083956E1
1.030779933E1,-5.198778220E1
1.041015067E1,-6.715287204E1
1.051686050E1,-6.773177872E1
1.061961725E1,-6.054968786E1
1.072616750E1,-6.222678104E1
1.082861158E1,-6.640835175E1
1.093533950E1,-5.583597602E1
1.104215679E1,-5.796149302E1
1.114469292E1,-6.076083828E1
1.124710875E1,-6.238256656E1
1.135386221E1,-6.398362038E1
1.145656775E1,-6.425383926E1
1.156315829E1,-6.774559496E1
1.166561312E1,-6.661579641E1
1.177229762E1,не число
1.187712787E1,-6.687890593E1
1.198170179E1,-6.772055792E1
1.208403629E1,-6.547671276E1
1.219077750E1,-6.624627156E1
1.229382750E1,-6.593420624E1
1.240001783E1,-6.596470525E1
1.250579992E1,-6.706149263E1
1.261047812E1,-6.743357159E1
1.271720346E1,-6.960703769E1
1.282056471E1,-6.936269314E1
1.292717742E1,-6.797942872E1
1.303027108E1,-6.952406331E1
1.313654267E1,-6.884287383E1
1.323917546E1,-6.978147984E1
1.334382779E1,-6.751096401E1
1.345051542E1,-6.659417966E1
1.355516829E1,-6.850137315E1
1.366053771E1,-6.832961383E1
1.376727296E1,-6.820140675E1
1.387304362E1,не число
1.397557092E1,-6.516686973E1
1.408228717E1,-6.544103162E1
1.418895758E1,-5.486986826E1
1.429144042E1,-5.363206760E1
1.439413775E1,-5.744074150E1
1.450089892E1,-5.900532707E1
1.460753729E1,-6.153287919E1
1.471214200E1,-3.838743324E1
1.481887563E1,-3.899801801E1
1.492558929E1,-5.380780128E1
1.503022062E1,-5.461869168E1
1.513668617E1,-5.555197580E1
1.524344037E1,-5.948393457E1
1.534828908E1,-6.439296760E1
1.545500575E1,-6.585293065E1
1.556149879E1,-6.812741004E1
1.566436162E1,не число
1.576669583E1,-6.759127648E1
1.587340287E1,-6.447421828E1
1.597664637E1,не число
1.608257162E1,-6.372952561E1
1.618518696E1,-6.458002007E1
1.629179871E1,-6.410068886E1
1.639855004E1,-6.485674761E1
1.650137404E1,-6.790124274E1
1.660670483E1,-6.767926861E1
1.671350808E1,-6.742956098E1
1.681935717E1,-6.813392447E1
1.692176179E1,-6.683932524E1
1.702853108E1,-6.715341367E1
1.713525050E1,-6.595320387E1
1.723775013E1,-6.563420460E1
1.734035562E1,-6.881234242E1
1.744668696E1,-6.869840799E1
1.755212812E1,-6.888596587E1
1.765828012E1,-6.653738827E1
1.776500712E1,не число
1.787096217E1,-6.541323949E1
1.797622258E1,-6.688748313E1
1.807850883E1,-6.858260428E1
1.818526846E1,-6.854363293E1
1.828852867E1,-6.775796472E1
1.839283912E1,-6.841400595E1
1.849528975E1,-6.824264967E1
1.860212475E1,-6.940563487E1
1.870881117E1,-7.055134138E1
1.881134162E1,-6.902750748E1
1.891804800E1,-6.847594115E1
1.902473550E1,-6.721836507E1
1.912944775E1,-6.707563497E1
1.923187250E1,-6.815165005E1
1.933860546E1,-6.879127644E1
1.944534854E1,-6.878024684E1
1.954783546E1,-6.924885793E1
1.965418167E1,-6.928639409E1
1.975674492E1,-6.885933389E1
1.986351862E1,-6.973878207E1
1.996837608E1,-6.842200742E1
2.007354150E1,-6.938009514E1
2.017543696E1,не число
2.028134317E1,-7.038086868E1
2.038687879E1,-7.110973916E1
2.048979825E1,-6.983051586E1
2.059641608E1,-6.999373427E1
2.070289437E1,-6.978834100E1
2.080537462E1,-7.070074037E1
2.091214162E1,-7.121791698E1
2.101887654E1,-7.018556753E1
2.112345158E1,-7.102948044E1
2.122611500E1,-7.008506085E1
2.133276079E1,-7.043906918E1
2.143947583E1,-7.097357117E1
2.154194204E1,-7.059781018E1
2.164873396E1,-7.056037059E1
2.175556767E1,-6.923194448E1
2.185986196E1,-7.109140467E1
2.196567092E1,не число
2.207093646E1,-7.036869334E1
2.217604258E1,-6.815523263E1
2.227840162E1,-6.997142738E1
2.238515233E1,-7.176601560E1
2.249188317E1,-7.067502340E1
2.259640263E1,-7.179704319E1
2.270189108E1,-7.098392206E1
2.280861271E1,-6.956264521E1
2.291447558E1,-7.045486809E1
2.302132342E1,-6.960999387E1
2.312802758E1,-6.915610220E1
2.323051271E1,-7.051496125E1
2.333299558E1,-6.955509344E1
2.343973238E1,-6.876006003E1
2.354652304E1,-7.032352472E1
2.365096521E1,-6.855641558E1
2.375770029E1,-7.085618921E1
2.386445671E1,-6.992499475E1
2.396697062E1,-7.089968243E1
2.407334521E1,не число
2.417926325E1,-6.915320480E1
2.428488275E1,-6.917240529E1
2.438742904E1,-7.017036616E1
2.449331942E1,-6.959665591E1
2.460027908E1,-6.922428605E1
2.470340904E1,-7.033004276E1
2.481016462E1,-7.018546257E1
2.491696850E1,-6.955116573E1
2.502153842E1,-6.992866145E1
2.512403125E1,-7.058761625E1
2.523078808E1,-7.041573139E1
2.533756167E1,-7.050848316E1
2.544202379E1,-7.039003266E1
2.554883025E1,-7.117109785E1
2.565178500E1,-7.001290438E1
2.575807608E1,-7.010520282E1
2.586070500E1,-7.005260902E1
2.596744221E1,-6.902514867E1
2.607357371E1,-7.078298884E1
2.617858300E1,-7.170280778E1
2.628537354E1,-7.081931038E1
2.639214017E1,-7.148877276E1
2.649468271E1,-7.184408082E1
2.659718642E1,-7.000867446E1
2.670397837E1,-7.058013716E1
2.681078600E1,-6.947922132E1
2.691327504E1,-7.149246086E1
2.701567212E1,-7.107894133E1
2.712234167E1,-7.151158586E1
2.722908275E1,-7.048345730E1
2.733376446E1,-7.131871334E1
2.744052375E1,-7.029839700E1
2.754718000E1,-6.980580186E1
2.765180787E1,-7.004374468E1
2.775866062E1,-7.036317529E1
2.786553971E1,-7.093477039E1
2.796799533E1,-7.118983837E1
2.807354238E1,-6.928773510E1
2.818000125E1,-7.153264788E1
2.828580742E1,-6.985785346E1
2.838998433E1,-7.071201977E1
2.849671929E1,-7.071108820E1
2.860345025E1,-7.038771313E1
2.870651175E1,-7.011154835E1
2.881331754E1,-7.064006667E1
2.892008187E1,-7.032982439E1
2.902264208E1,-7.073453333E1
2.912508033E1,-6.995531017E1
2.923181608E1,-7.022518814E1
2.933853658E1,-6.976373600E1
2.944314687E1,-7.006980659E1
2.955015942E1,-7.107791481E1
2.965694300E1,-6.931956893E1
2.976122996E1,-6.997356807E1
2.986794300E1,-7.112458703E1
2.997360142E1,не число
3.007933371E1,-7.107509958E1
3.018210837E1,-7.002948759E1
3.028883338E1,-7.021522941E1
3.039543758E1,-7.086583229E1
3.049780375E1,-6.977185282E1
3.060453762E1,-6.912221445E1
3.071120883E1,-7.006627427E1
3.081605254E1,-7.085883741E1
3.092294800E1,-6.982224012E1
3.102860833E1,-7.064405566E1
3.113399475E1,-6.434027337E1
3.123667312E1,-6.508092232E1
3.134344521E1,-6.877645467E1
3.145004271E1,-7.180371154E1
3.155255208E1,-7.144041109E1
3.165667250E1,-6.948323452E1
3.176349429E1,-6.781331799E1
3.186857762E1,-6.962540950E1
3.197366704E1,-7.120009960E1
3.208043417E1,-7.004045660E1
3.218652167E1,-6.990667381E1
3.228904779E1,-6.603196908E1
3.239581542E1,-6.861021497E1
3.250261800E1,-7.129403398E1
3.260704417E1,-7.053878398E1
3.271259346E1,-7.040608992E1
3.281922233E1,-6.822410846E1
3.292515383E1,-6.659545665E1
3.303195617E1,-7.045078193E1
3.313880642E1,-6.833939848E1
3.324320017E1,-7.052669111E1
3.335000483E1,-7.103029684E1
3.345673321E1,-6.837932978E1
3.356130312E1,-6.967602501E1
3.366332800E1,-7.087581287E1
3.377023383E1,-7.027217865E1
3.387354833E1,не число
3.397772683E1,-7.023258041E1
3.408015162E1,-6.448987763E1
3.418690417E1,-6.404489668E1
3.428993775E1,-6.544324552E1
3.439628575E1,-6.648389342E1
3.449866762E1,-6.862175970E1
3.460536587E1,-6.904305985E1
3.471201029E1,-6.934621034E1
3.481673321E1,-7.056161834E1
3.492342217E1,-7.064016353E1
3.503011267E1,-7.061954543E1
3.513481633E1,-6.953941970E1
3.523755162E1,-7.142227969E1
3.534403592E1,-7.073877689E1
3.545077733E1,-6.980043882E1
3.555389483E1,-6.961100902E1
3.565707617E1,-6.879045174E1
3.576379412E1,-7.035708831E1
3.586922833E1,-6.998284273E1
3.597353354E1,не число
3.607953117E1,-6.939196185E1
3.618621362E1,-7.064710404E1
3.629210633E1,-7.038715956E1
3.639890788E1,-7.031188013E1
3.650539787E1,-7.049170060E1
3.661213625E1,-7.016899284E1
3.671691596E1,-7.020497081E1
3.682346521E1,-6.981973530E1
3.692999221E1,-6.976026327E1
3.703673333E1,-6.915348758E1
3.714159867E1,-6.925999031E1
3.724630779E1,-6.995411514E1
3.735241275E1,-7.175566113E1
3.745907850E1,-6.910864947E1
3.756588512E1,-7.050698297E1
3.767261942E1,не число
3.777756267E1,-6.985036197E1
3.788426546E1,-6.968675979E1
3.799093162E1,-6.959711102E1
3.809584842E1,-7.017112689E1
3.820262767E1,-7.038527939E1
3.830947254E1,-7.181781058E1
3.841393517E1,-7.068671402E1
3.851630137E1,-7.046930702E1
3.862316483E1,-7.108510436E1
3.872990225E1,-6.996880645E1
3.883433000E1,-6.971012098E1
3.893665458E1,-7.004629686E1
3.904341754E1,-7.046520745E1
3.915022267E1,-7.043375286E1
3.925288967E1,-7.011485499E1
3.935661496E1,-6.970146676E1
3.946403196E1,-6.958096163E1
3.956898142E1,-7.074025622E1
3.967357108E1,-7.174100452E1
3.977666812E1,не число
3.988251983E1,-7.056809374E1
3.998753058E1,-6.960186873E1
4.008993342E1,-6.927123757E1
4.019672408E1,-6.963912698E1
4.030346783E1,-7.103552540E1
4.040798992E1,-7.090855131E1
4.051474429E1,-7.151874086E1
4.062149629E1,-7.070929138E1
4.072609479E1,-7.013246354E1
4.083284862E1,-6.975247799E1
4.093955887E1,-6.940957922E1
4.104416162E1,-6.979666377E1
4.115088917E1,-7.004111399E1
4.125782625E1,-6.985705475E1
4.136005221E1,-6.945630818E1
4.146261683E1,-7.017364136E1
4.156934825E1,не число
4.167358467E1,-6.925746540E1
4.177854946E1,-6.879096477E1
4.188530404E1,-6.972872294E1
4.199203587E1,-6.984403478E1
4.209670483E1,-7.010967821E1
4.219919437E1,-7.032255553E1
4.230592229E1,-7.098826969E1
4.241276267E1,-7.106198650E1
4.251515642E1,-7.090900982E1
4.261762833E1,-7.042016656E1
4.272288350E1,-7.057736931E1
4.282971592E1,-7.065882520E1
4.293560517E1,-6.722925807E1
4.304234567E1,-7.119813609E1
4.314904283E1,-6.943303591E1
4.325177896E1,-7.011067874E1
4.335860683E1,-7.096925244E1
4.346550362E1,-7.204786937E1
4.357164346E1,-7.060785701E1
4.367354504E1,не число
4.377957529E1,-7.186702882E1
4.388623054E1,-6.262831460E1
4.398821662E1,-6.195824736E1
4.409492604E1,-6.602434501E1
4.420167854E1,-6.760025332E1
4.430625658E1,-6.849023618E1
4.440869917E1,-6.523021111E1
4.451214675E1,-6.006859959E1
4.461928679E1,-6.264460662E1
4.472454167E1,-6.383598826E1
4.483120146E1,-6.719043487E1
4.493802158E1,-5.756608059E1
4.504259575E1,-5.419318612E1
4.514524762E1,-5.687803311E1
4.525196417E1,-5.842949151E1
4.535710196E1,-6.247160700E1
4.546130821E1,-6.383738613E1
4.556376042E1,-6.759703224E1
4.566761667E1,-7.006377311E1
4.577346667E1,не число
4.587953517E1,-7.200786256E1
4.598623112E1,-7.036172879E1
4.609295350E1,-7.086449324E1
4.619780508E1,-6.983483129E1
4.630018471E1,-6.666840543E1
4.640694321E1,-6.946558668E1
4.651363763E1,-7.016969069E1
4.661830767E1,-7.081479545E1
4.672502562E1,-7.093130302E1
4.683184387E1,-7.056485530E1
4.693631433E1,-7.049879077E1
4.704299737E1,-7.107035885E1
4.714964608E1,-7.153184791E1
4.725443117E1,-7.199896356E1
4.736117704E1,-7.057264102E1
4.746717275E1,не число
4.757236596E1,-6.945443697E1
4.767904154E1,-6.984642165E1
4.778573617E1,-7.094220064E1
4.789048437E1,-6.911386434E1
4.799620258E1,-6.971253521E1
4.810303342E1,-6.877924533E1
4.820843850E1,-7.042765041E1
4.831520683E1,-6.939523871E1
4.842204658E1,-7.050147396E1
4.852464208E1,-6.880485251E1
4.862703175E1,-7.023794209E1
4.873381133E1,-6.968920821E1
4.884052904E1,-7.059640372E1
4.894500125E1,-7.080729510E1
4.905186150E1,-6.846855919E1
4.915844512E1,-7.018505723E1
4.926308312E1,не число
4.936422017E1,-7.127424591E1
4.947094588E1,-7.067935266E1
4.957356683E1,не число
4.967944100E1,-7.159711858E1
4.978200992E1,-7.058371535E1
4.988872529E1,-7.055035708E1
4.999547621E1,-7.019738760E1
5.010014833E1,-7.013338042E1
5.020691617E1,-7.099862162E1
5.031368067E1,-6.932206260E1
5.041827962E1,-7.060391140E1
5.052511579E1,-7.090741011E1
5.063194488E1,-7.256004784E1
5.073619825E1,-7.161981613E1
5.084302437E1,-7.098028242E1
5.094983671E1,-7.128597807E1
5.105428842E1,-6.920144901E1
5.116102567E1,-7.063932890E1
5.126770183E1,-6.939034320E1
5.137340804E1,не число
5.147915417E1,-6.972197097E1
5.158590354E1,-6.912606746E1
5.169040800E1,-6.938444098E1
5.179719575E1,-7.022493453E1
5.190390483E1,-6.924395479E1
5.200843167E1,-6.986751301E1
5.211123075E1,-7.004504413E1
5.221806967E1,-7.225280730E1
5.232451713E1,-7.177064689E1
5.242711687E1,-7.061674697E1
5.253396154E1,-6.991214822E1
5.264070137E1,-7.158548355E1
5.274317938E1,-7.006371176E1
5.284559908E1,-6.958181626E1
5.295241567E1,-7.018105459E1
5.305925521E1,-7.011810166E1
5.316148317E1,-6.955998067E1
5.326816412E1,-7.037207813E1
5.337314733E1,-7.186165160E1
5.347918408E1,-7.217026504E1
5.358216050E1,-7.214994185E1
5.368884542E1,-7.032905967E1
5.379562821E1,-6.952020379E1
5.389817817E1,-7.082135824E1
5.400490146E1,-7.132675418E1
5.411161571E1,-7.154379521E1
5.421621254E1,-7.204301130E1
5.431869567E1,-7.115257485E1
5.442548596E1,-6.962575251E1
5.453238350E1,-7.008072669E1
5.463671746E1,-7.157079206E1
5.474354725E1,-7.132166957E1
5.485000079E1,-7.058482208E1
5.495470079E1,-6.935284051E1
5.506138121E1,-6.988023563E1
5.516809146E1,не число
5.527279092E1,-6.982900689E1
5.537951237E1,-6.971380819E1
5.548643637E1,-6.870328964E1
5.559091350E1,-6.634373077E1
5.569757650E1,-6.757828597E1
5.580431767E1,-6.740249252E1
5.590693900E1,-7.041281105E1
5.601369962E1,-6.829723344E1
5.612040146E1,-7.045539455E1
5.622504700E1,-6.787826482E1
5.632748550E1,-6.811887238E1
5.643427692E1,-6.950420028E1
5.654118892E1,-6.791772121E1
5.664354221E1,-6.682977020E1
5.675032008E1,-6.919836935E1
5.685663054E1,-6.852573183E1
5.696152842E1,-6.816830672E1
5.706417046E1,-6.861998299E1
5.716854542E1,-6.736267205E1
5.727357933E1,не число
5.737960596E1,-6.852653840E1
5.748263354E1,-6.717635528E1
5.758940729E1,-6.844380660E1
5.769608737E1,-6.553464833E1
5.780065658E1,-6.730229443E1
5.790664025E1,-7.065109852E1
5.801330492E1,-6.955428502E1
5.811872333E1,-6.829370930E1
5.822557071E1,-6.955897500E1
5.833233242E1,-6.997425072E1
5.843672933E1,-7.034253632E1
5.854368875E1,-6.970534782E1
5.865042175E1,-6.981261357E1
5.875482125E1,-7.045797633E1
5.886155954E1,-7.039032630E1
5.896501633E1,-7.045840099E1
5.907094162E1,не число
5.917332037E1,-7.019961786E1
5.928004021E1,-6.949164730E1
5.938225625E1,-7.041652891E1
5.948907454E1,-6.913768556E1
5.959176912E1,-7.056640265E1
5.969686771E1,-6.859844045E1
5.980356287E1,-6.754403257E1
5.990784029E1,-7.160362235E1
6.001429867E1,-7.027733260E1
6.012106625E1,-7.088569340E1
6.022581946E1,-7.033809740E1
6.032832408E1,-7.026982392E1
6.043502471E1,-6.936070287E1
6.054189617E1,-7.026528729E1
6.064452100E1,-7.057309936E1
6.074674233E1,-6.964610855E1
6.085264375E1,-7.033655811E1
6.095949912E1,-7.034325317E1
6.106283454E1,-6.894921608E1
6.116951729E1,не число
6.127357750E1,-6.981434635E1
6.138017929E1,-6.981892816E1
6.148336704E1,-6.958065595E1
6.159017008E1,-6.982581102E1
6.169685650E1,-7.025675692E1
6.179946737E1,-7.144035524E1
6.190627525E1,-6.878985782E1
6.201299908E1,-7.074522086E1
6.211945025E1,-7.048769826E1
6.222328617E1,-7.065919221E1
6.232998054E1,-7.029782099E1
6.243553163E1,-7.151588879E1
6.253814558E1,-7.019655259E1
6.264488117E1,-7.154300890E1
6.275166592E1,-7.061997193E1
6.285603792E1,-7.129130575E1
6.296282629E1,-7.020833780E1
6.306958025E1,-7.025433438E1
6.317356696E1,-6.994951275E1
6.328033075E1,-6.986487878E1
6.338706262E1,-7.033525977E1
6.349218304E1,-7.007459609E1
6.359894992E1,-7.000631381E1
6.370581137E1,-6.993311971E1
6.381019842E1,-7.086022613E1
6.391699408E1,-7.004245488E1
6.402370854E1,-6.992394392E1
6.412836217E1,-7.036705007E1
6.423111554E1,-7.127336683E1
6.433361112E1,-7.041863111E1
6.444041279E1,-7.141083090E1
6.454673917E1,-6.995983523E1
6.465356504E1,-6.931860539E1
6.476035233E1,-7.077783122E1
6.486477450E1,-7.028832733E1
6.496905013E1,не число
6.507358450E1,-6.954465854E1
6.518035529E1,-6.985956666E1
6.528334225E1,-7.027037008E1
6.539013679E1,-7.159776775E1
6.549695758E1,-7.144853062E1
6.560137150E1,-6.994093974E1
6.570418388E1,-6.946830501E1
6.581097304E1,-7.087008766E1
6.591746337E1,-7.126705212E1
6.601994988E1,-7.082517644E1
6.612670442E1,-7.102139496E1
6.623342654E1,-7.035740012E1
6.633597129E1,-7.061553987E1
6.643847500E1,-7.081760940E1
6.654536454E1,-6.954271784E1
6.665225579E1,-7.110446544E1
6.675452567E1,-7.071246973E1
6.685692829E1,-7.018544001E1
6.695996233E1,-7.148439732E1
6.706674937E1,-7.067445185E1
6.717295762E1,-6.926946937E1
6.727544375E1,-6.903400417E1
6.738209358E1,-6.926108365E1
6.748831521E1,-7.020292891E1
6.759341733E1,-6.998687909E1
6.770024996E1,-7.046219011E1
6.780701117E1,-6.988046513E1
6.791147471E1,-6.993807778E1
6.801822983E1,-6.917596305E1
6.812492333E1,-7.062126963E1
6.822944454E1,-7.108348582E1
6.833364371E1,-6.897264577E1
6.844044175E1,-7.047787623E1
6.854544042E1,-7.060770387E1
6.864794317E1,-6.906664515E1
6.875481846E1,-6.975640936E1
6.886174775E1,-7.065635930E1
6.896402117E1,-7.056362225E1
6.906631179E1,-7.081532181E1
6.917164508E1,не число
6.927360896E1,-6.973854672E1
6.937542300E1,-7.110442654E1
6.948131762E1,-7.058989978E1
6.958525417E1,-7.064691161E1
6.969196937E1,-7.078232555E1
6.979876183E1,-7.067849247E1
6.990137104E1,-6.862717733E1
7.000373567E1,-7.096958500E1
7.011048196E1,-6.983794131E1
7.021723883E1,-7.077049411E1
7.032174350E1,-7.043415184E1
7.042855554E1,-7.009688479E1
7.053536392E1,-7.198679534E1
7.063969179E1,-7.035460860E1
7.074645675E1,-7.018459345E1
7.085337175E1,-7.045847932E1
7.095773004E1,-7.135594249E1
7.106453892E1,-7.098600005E1
7.117132754E1,-6.947708866E1
7.127380004E1,не число
7.137539087E1,-7.127569359E1
7.147674175E1,-7.046441014E1
7.158355704E1,-7.043159773E1
7.169032225E1,-7.094320668E1
7.179476500E1,-7.163211647E1
7.190153046E1,-7.046349598E1
7.200823154E1,-6.949288650E1
7.211264167E1,-7.046592952E1
7.221937679E1,-7.020917334E1
7.232613483E1,-7.028548962E1
7.242875300E1,-6.963369297E1
7.253129575E1,-7.115117451E1
7.263822400E1,-6.998339122E1
7.274505650E1,-6.951559123E1
7.284739562E1,-7.077250732E1
7.295422567E1,-7.048355068E1
7.306097096E1,-7.078020009E1
7.316727008E1,-7.055380615E1
7.327358508E1,-7.119911986E1
7.338032862E1,-7.002904026E1
7.348521583E1,-7.011420099E1
7.359192479E1,-6.940399326E1
7.369616342E1,-7.001948835E1
7.380131925E1,-6.841989753E1
7.390370800E1,-6.747468881E1
7.400662112E1,-7.031189105E1
7.411350475E1,-6.960983670E1
7.421973475E1,-6.788752978E1
7.432221833E1,-6.880484600E1
7.442666525E1,-6.801896469E1
7.453347633E1,-6.824331552E1
7.463822946E1,-7.090286638E1
7.474075104E1,-7.094521527E1
7.484658112E1,-7.011137237E1
7.495328279E1,-6.997766813E1
7.505870425E1,-7.083550640E1
7.516553092E1,не число
7.527148579E1,-7.009920586E1
7.537467208E1,-7.058849478E1
7.547721921E1,не число
7.558118033E1,-6.958555863E1
7.568390037E1,-7.120181565E1
7.579061796E1,-7.064791846E1
7.589576008E1,-6.946546015E1
7.600255700E1,-7.045073899E1
7.610938962E1,-7.028393430E1
7.621377800E1,-7.043490032E1
7.632057063E1,-7.090296617E1
7.642463267E1,-6.964725619E1
7.652987225E1,-7.001528781E1
7.663215287E1,-7.079821022E1
7.673886104E1,-7.092984880E1
7.684403900E1,-6.953168863E1
7.695039200E1,-6.905583406E1
7.705724062E1,-6.972311862E1
7.716084187E1,-6.965743550E1
7.726618383E1,не число
7.736862667E1,-6.938910604E1
7.747355804E1,-6.958217055E1
7.758028492E1,-6.916485250E1
7.768678000E1,-6.994527687E1
7.779355392E1,-6.932284250E1
7.790027562E1,-7.065993848E1
7.800301650E1,-7.100670456E1
7.810521871E1,-6.990300875E1
7.821138075E1,-7.102238329E1
7.831815292E1,-6.866355430E1
7.842326496E1,-7.018184752E1
7.852686129E1,-7.069022928E1
7.863364808E1,-7.065190169E1
7.873929554E1,-7.027503999E1
7.884164321E1,-7.100837313E1
7.894849612E1,-7.166563647E1
7.905528208E1,-7.068442089E1
7.915979050E1,-7.029928765E1
7.926649954E1,-7.126486722E1
7.937313829E1,не число
7.947584596E1,-7.026630410E1
7.957830250E1,-7.075092109E1
7.968487767E1,-7.159268280E1
7.979158050E1,-6.996942111E1
7.989624633E1,-7.072407870E1
8.000300850E1,-7.075680815E1
8.010975829E1,-7.013477925E1
8.021240983E1,-6.926230900E1
8.031923404E1,-6.886543534E1
8.042612733E1,-6.945207384E1
8.053023354E1,-6.851919685E1
8.063285692E1,-6.809777038E1
8.073965858E1,-6.896842895E1
8.084406408E1,-6.894346331E1
8.094886117E1,-6.888940317E1
8.105554254E1,-6.962131302E1
8.116233842E1,-7.013513308E1
8.126682196E1,-6.996564091E1
8.137350021E1,-7.017930593E1
8.147972546E1,-7.168778542E1
8.158466858E1,-7.190655509E1
8.169153337E1,-6.992810324E1
8.179821579E1,-7.064849913E1
8.190493550E1,-7.015804384E1
8.201173517E1,-7.008616701E1
8.211858358E1,-6.759738358E1
8.222292750E1,-6.809208228E1
8.232967079E1,-6.891927939E1
8.243647262E1,-7.003887379E1
8.254094150E1,-6.955443036E1
8.264780767E1,-6.864904846E1
8.275464992E1,-7.122906082E1
8.285897388E1,-6.882312293E1
8.296570217E1,-6.964918441E1
8.307273358E1,-7.039813264E1
8.317702637E1,не число
8.328277925E1,-7.023013074E1
8.338662500E1,-6.932563341E1
8.349300875E1,-7.131488480E1
8.359659592E1,-7.053372153E1
8.370141521E1,-7.045342143E1
8.380811387E1,-6.817300296E1
8.391347225E1,-7.009450256E1
8.401614679E1,-6.917523287E1
8.412306921E1,-7.018362200E1
8.422954383E1,-6.988767143E1
8.433198700E1,-7.048692610E1
8.443661987E1,-6.800330432E1
8.454345592E1,-7.013001809E1
8.465003192E1,-6.895913312E1
8.475682267E1,-6.977474562E1
8.486346358E1,-7.018324997E1
8.496596567E1,не число
8.506853733E1,-6.887750345E1
8.517364854E1,-6.971134870E1
8.528045242E1,-7.009242875E1
8.538640025E1,-7.000103896E1
8.549249758E1,-6.979858430E1
8.559927012E1,-6.984394399E1
8.570247554E1,-7.008860659E1
8.580914108E1,-6.830454078E1
8.591594054E1,-6.968965726E1
8.602054067E1,-6.948675221E1
8.612307067E1,-7.000113731E1
8.622988887E1,-7.051148949E1
8.633664096E1,-6.962702637E1
8.643906187E1,-7.087208236E1
8.654593275E1,-7.009835493E1
8.665276342E1,-7.080415325E1
8.675711667E1,-7.086582392E1
8.685949617E1,-7.109679973E1
8.696618850E1,-7.038146076E1
8.707288117E1,не число
8.717556400E1,-7.074895855E1
8.727789117E1,-7.191695334E1
8.738455938E1,-6.966875743E1
8.749128042E1,-6.906091667E1
8.759607783E1,-6.934865273E1
8.770305667E1,-6.914300299E1
8.780975312E1,-6.996227464E1
8.791208983E1,-6.801504235E1
8.801444125E1,-7.133213733E1
8.812122779E1,-7.028812932E1
8.822799696E1,-6.929062529E1
8.833264025E1,-6.973771175E1
8.843948629E1,-6.970612112E1
8.854323775E1,-7.034980073E1
8.864857604E1,-7.032887142E1
8.875085608E1,-6.853333034E1
8.885761550E1,-6.914962918E1
8.896324121E1,-7.017239182E1
8.906912950E1,-6.856126734E1
8.917361112E1,не число
8.927855054E1,-6.998747366E1
8.938505179E1,-6.980822604E1
8.949181908E1,-6.909820763E1
8.959855838E1,-6.974510927E1
8.970321904E1,-6.959948664E1
8.980575229E1,-7.029051219E1
8.991252775E1,-7.096220969E1
9.001941300E1,-7.017589582E1
9.012165321E1,-7.036502096E1
9.022840250E1,-6.920072910E1
9.033514150E1,-6.939892853E1
9.043975725E1,-7.008774629E1
9.054218404E1,-6.891674350E1
9.064431846E1,-7.031734379E1
9.075112442E1,-6.811573535E1
9.085806671E1,-7.092897801E1
9.096482179E1,-6.965212186E1
9.107158254E1,-6.771591272E1
9.117618279E1,-6.964175341E1
9.127859000E1,-7.078847889E1
9.138524621E1,-6.918366876E1
9.149144587E1,-6.927887388E1
9.159477300E1,-7.029925526E1
9.169711475E1,-6.933746763E1
9.180386779E1,-6.941455645E1
9.191066929E1,-7.025123475E1
9.201517583E1,-7.088638118E1
9.212192308E1,-7.175885971E1
9.222874429E1,-7.089796186E1
9.233317000E1,-7.048925742E1
9.243552104E1,-6.959379585E1
9.254236762E1,-7.123630997E1
9.264916508E1,-7.142627666E1
9.275175483E1,-6.977416424E1
9.285850933E1,-7.003284111E1
9.296529229E1,-7.001052490E1
9.306969029E1,-7.048372850E1
9.317357692E1,-7.041920881E1
9.328046783E1,-6.952082433E1
9.338571575E1,-6.833321562E1
9.348830321E1,-7.087796456E1
9.359506517E1,-7.082228223E1
9.370188267E1,-6.883846697E1
9.380627050E1,-6.962724005E1
9.391310650E1,-6.843513462E1
9.401985246E1,-6.833380492E1
9.412427667E1,-6.992964500E1
9.422618962E1,-7.049072214E1
9.433000367E1,-6.982521745E1
9.443564642E1,-7.075504892E1
9.454088096E1,-7.005928622E1
9.464318975E1,-6.797662622E1
9.474536350E1,-6.777691854E1
9.485223908E1,-6.788980931E1
9.495904763E1,-6.944344723E1
9.506166492E1,-6.911802815E1
9.516849175E1,-6.864342067E1
9.527354729E1,-6.995233736E1
9.537974400E1,-6.969568973E1
9.548650350E1,-6.852335808E1
9.558990383E1,-6.958315461E1
9.569569337E1,-6.933363281E1
9.579814171E1,-6.861735371E1
9.590481046E1,-6.869406010E1
9.601169583E1,-6.926736855E1
9.611616833E1,-6.953260221E1
9.621998325E1,-6.948960669E1
9.632677737E1,-7.118905791E1
9.643216287E1,-6.927523149E1
9.653469617E1,-6.902526063E1
9.663989683E1,-6.746109546E1
9.674674812E1,-6.775671699E1
9.685268287E1,-7.027806137E1
9.695950192E1,-7.005956574E1
9.706620475E1,-7.000473600E1
9.717071562E1,не число
9.727349313E1,-6.999652683E1
9.738023354E1,-6.950476474E1
9.748676000E1,-6.978250743E1
9.758921092E1,-6.927009435E1
9.769599162E1,-7.082194756E1
9.780275787E1,-6.974239205E1
9.790723004E1,-6.993118830E1
9.800990237E1,-6.931057696E1
9.811668846E1,-6.849052705E1
9.822331954E1,-6.946214021E1
9.832567733E1,-7.006822259E1
9.843252662E1,-6.887791121E1
9.853926454E1,-6.973446307E1
9.864376904E1,-6.905773580E1
9.875053704E1,-6.950131134E1
9.885659596E1,-6.964452003E1
9.895970004E1,-6.972702387E1
9.906229492E1,-7.056802905E1
9.916901762E1,-6.994472152E1
9.927363012E1,не число
9.937803296E1,-7.009573083E1
9.948419900E1,-7.022784644E1
9.959094400E1,-6.857618709E1
9.969616500E1,-6.981026386E1
9.979847075E1,-6.995559950E1
9.990528129E1,-7.000728929E1
1.000119082E2,-7.001306645E1
1.001168170E2,-7.158771811E1
1.002194751E2,-6.947945916E1
1.003262352E2,-6.980108717E1
1.004329579E2,-6.974715710E1
1.005352150E2,-6.927803092E1
1.006419858E2,-7.147296127E1
1.007487500E2,-6.841985538E1
1.008533204E2,-6.952727889E1
1.009600775E2,-6.994260392E1
1.010667768E2,не число
1.011712944E2,-7.025419294E1
1.012740320E2,-7.096698691E1
1.013806864E2,-7.038090214E1
1.014867835E2,-6.954410370E1
1.015898355E2,-7.182141455E1
1.016920581E2,-7.117145718E1
1.017987339E2,-6.917515244E1
1.019054700E2,-7.088088985E1
1.020082287E2,-7.065077815E1
1.021149085E2,-6.881979792E1
1.022216146E2,-7.076513332E1
1.023264619E2,-7.009126276E1
1.024332304E2,-7.022725613E1
1.025399890E2,-7.081700100E1
1.026444474E2,-7.093634166E1
1.027508418E2,-7.193665228E1
1.028539952E2,-7.147814196E1
1.029604492E2,-6.975078823E1
1.030628381E2,-7.019241578E1
1.031695225E2,не число
1.032735599E2,-7.029945968E1
1.033788699E2,-7.081165001E1
1.034813677E2,-7.050023350E1
1.035866491E2,-7.114955485E1
1.036933653E2,-7.148822234E1
1.037994630E2,-6.920485095E1
1.039021282E2,-7.049315162E1
1.040089007E2,-7.057757820E1
1.041155051E2,-6.970898364E1
1.042178977E2,-7.119921914E1
1.043246850E2,-7.029021403E1
1.044314900E2,-6.971054832E1
1.045361538E2,-7.203737016E1
1.046431330E2,-7.083665182E1
1.047499286E2,-6.963160519E1
1.048540073E2,-7.098031392E1
1.049607297E2,-7.110952097E1
1.050675027E2,-7.023887133E1
1.051735674E2,-6.985936684E1
1.052784818E2,-7.032800768E1
1.053819361E2,-6.953330584E1
1.054882043E2,-7.053872465E1
1.055904951E2,-6.988396282E1
1.056972540E2,-6.991605465E1
1.058040699E2,-6.970557444E1
1.059086438E2,-6.989308409E1
1.060153818E2,-7.024379431E1
1.061221829E2,-7.078093826E1
1.062266377E2,-7.211788722E1
1.063333674E2,-7.075893952E1
1.064399359E2,-6.877723272E1
1.065448072E2,-6.997779108E1
1.066515503E2,-6.966116182E1
1.067583854E2,-6.928831298E1
1.068625995E2,-6.945057468E1
1.069692657E2,не число
1.070735615E2,-6.996973261E1
1.071785986E2,-6.845332160E1
1.072811660E2,-6.929202197E1
1.073878484E2,-6.814603456E1
1.074946300E2,-6.907518378E1
1.075973373E2,-6.812681189E1
1.076996161E2,-6.970444558E1
1.078032335E2,-6.754745382E1
1.079099188E2,-6.928193974E1
1.080156450E2,-6.911875899E1
1.081179907E2,-6.967162633E1
1.082246907E2,-6.921624966E1
1.083314202E2,-6.866950889E1
1.084361889E2,-6.959011367E1
1.085430222E2,-7.010424535E1
1.086499743E2,-6.883528113E1
1.087541592E2,-7.070742213E1
1.088608918E2,-6.919398602E1
1.089675542E2,-6.971730729E1
1.090735588E2,не число
1.091784729E2,-6.954748296E1
1.092851136E2,-6.928547422E1
1.093881947E2,-6.977817115E1
1.094906092E2,-6.952436574E1
1.095973059E2,-6.805614485E1
1.097040954E2,-7.003003112E1
1.098066097E2,-6.900166564E1
1.099133609E2,-7.013619672E1
1.100200817E2,-6.957535050E1
1.101246273E2,-7.060082488E1
1.102271116E2,-6.995310938E1
1.103338001E2,-6.925772326E1
1.104406121E2,-7.139052842E1
1.105430080E2,-7.143165991E1
1.106497932E2,-7.127751963E1
1.107565038E2,-7.088787281E1
1.108610670E2,-7.059481386E1
1.109634710E2,-7.144750250E1
1.110701571E2,-7.178521012E1
1.111735622E2,не число
1.112792359E2,-7.055005473E1
1.113819109E2,-7.076967893E1
1.114886851E2,-7.069148752E1
1.115949669E2,-7.122249665E1
1.116999805E2,-7.082033248E1
1.118068770E2,-7.090196185E1
1.119136385E2,-7.150519003E1
1.120178965E2,-7.024876011E1
1.121246505E2,-7.031509427E1
1.122314755E2,-6.764588515E1
1.123375375E2,-6.657280258E1
1.124403077E2,-6.588673213E1
1.125470304E2,-6.867261830E1
1.126521223E2,-6.854261522E1
1.127544811E2,-7.063317449E1
1.128612538E2,-6.848800368E1
1.129649208E2,не число
1.130703891E2,-6.872846941E1
1.131729285E2,-6.971416017E1
1.132795550E2,-7.110343426E1
1.133863348E2,-7.009757940E1
1.134909632E2,-7.001749365E1
1.135976185E2,-6.917082593E1
1.137043180E2,-7.044167336E1
1.138089378E2,-7.023881553E1
1.139156367E2,-7.100075438E1
1.140219128E2,-6.997732807E1
1.141270170E2,-6.922095981E1
1.142338220E2,-6.977475511E1
1.143404837E2,-6.953292729E1
1.144449147E2,-7.041864245E1
1.145508001E2,-7.025595971E1
1.146531977E2,-7.070966111E1
1.147565271E2,-6.994981863E1
1.148616105E2,-7.130308845E1
1.149638670E2,-7.123281551E1
1.150707071E2,не число
1.151765587E2,-6.988074806E1
1.152817646E2,-6.874389104E1
1.153834497E2,-6.872153443E1
1.154868585E2,-6.732148488E1
1.155927203E2,-6.599365054E1
1.156984435E2,-7.049622258E1
1.158008248E2,-6.863213458E1
1.159075071E2,-6.870401034E1
1.160109158E2,-6.920687915E1
1.161168895E2,-6.794085097E1
1.162204246E2,-6.851848312E1
1.163267527E2,-6.862243403E1
1.164335494E2,-6.938796882E1
1.165373637E2,-6.954767718E1
1.166441858E2,-7.016870147E1
1.167509098E2,-6.982671342E1
1.168554254E2,-6.876759059E1
1.169621722E2,-6.946675551E1
1.170689985E2,-6.939909978E1
1.171734063E2,не число
1.172793983E2,-6.854983422E1
1.173861802E2,-7.030627245E1
1.174913518E2,-7.016785989E1
1.175981078E2,-6.877321003E1
1.177048282E2,-7.082676945E1
1.178095146E2,-6.922360831E1
1.179161678E2,-7.019807574E1
1.180229237E2,-6.961693305E1
1.181275198E2,-7.045214378E1
1.182343189E2,-7.202729042E1
1.183409763E2,-7.125480420E1
1.184454787E2,-7.014826894E1
1.185521962E2,-7.041294311E1
1.186589231E2,-6.989460550E1
1.187634398E2,-7.034210014E1
1.188702581E2,не число
1.189735569E2,-7.006514046E1
1.190794161E2,-7.081898759E1
1.191818712E2,-7.122937912E1
1.192886418E2,-7.089974343E1
1.193954254E2,-7.138934587E1
1.194997997E2,-7.158940522E1
1.196055990E2,-7.023070422E1
1.197124243E2,-7.054172725E1
1.198179522E2,-7.049509936E1
1.199247870E2,-6.997923184E1
1.200315483E2,-7.060064847E1
1.201359913E2,-7.033777715E1
1.202427867E2,-6.849652666E1
1.203496035E2,-7.001792888E1
1.204539079E2,-7.001681666E1
1.205605655E2,-6.976866188E1
1.206643882E2,не число
1.207700100E2,-6.934075266E1
1.208735795E2,-7.052479700E1
1.209802511E2,-7.034878645E1
1.210870743E2,-6.921948118E1
1.211903965E2,-7.018013994E1
1.212971042E2,-6.968368993E1
1.214037922E2,-7.143524356E1
1.215083560E2,-7.088564567E1
1.216146923E2,-6.882869655E1
1.217214163E2,-6.926185500E1
1.218264627E2,-6.988708313E1
1.219331883E2,-6.996207696E1
1.220398667E2,-6.958521375E1
1.221445015E2,-7.131000759E1
1.222462713E2,-7.127839506E1
1.223529785E2,-6.949895820E1
1.224596661E2,-7.072497752E1
1.225628819E2,-7.007514602E1
1.226697041E2,-7.254724568E1
1.227736124E2,не число
1.228789350E2,-7.059102414E1
1.229812327E2,-7.086725270E1
1.230878678E2,-6.998997440E1
1.231944705E2,-7.053267488E1
1.232992649E2,-7.157937428E1
1.234031554E2,-6.853331599E1
1.235098573E2,-7.032851043E1
1.236152805E2,-7.079060794E1
1.237176764E2,-6.853558781E1
1.238231640E2,-7.102308986E1
1.239263259E2,-6.949662076E1
1.240331573E2,-6.935559091E1
1.241383042E2,-6.925896772E1
1.242452459E2,-7.025206704E1
1.243516691E2,-6.994382078E1
1.244542211E2,-7.008768972E1
1.245610359E2,-7.072090794E1
1.246659324E2,-6.981421629E1
1.247701183E2,-7.000541091E1
1.248735156E2,не число
1.249794086E2,-7.052732653E1
1.250860999E2,-7.039066902E1
1.251904868E2,-7.076436200E1
1.252972605E2,-7.023116968E1
1.254039307E2,-7.018701594E1
1.255066093E2,-6.977150688E1
1.256090866E2,-6.987243801E1
1.257131607E2,-6.983633686E1
1.258199665E2,-7.084506288E1
1.259250391E2,-6.914461302E1
1.260274905E2,-7.024528249E1
1.261341814E2,-7.007988519E1
1.262408835E2,-7.016034309E1
1.263454615E2,-7.143195796E1
1.264523360E2,-7.073016287E1
1.265591119E2,-7.009012894E1
1.266634215E2,-6.950658001E1
1.267701647E2,-7.136462031E1
1.268735544E2,-6.931790928E1
1.269794786E2,-7.141077563E1
1.270818549E2,-7.046866309E1
1.271886036E2,-6.908213428E1
1.272952592E2,-7.122657775E1
1.273999062E2,-7.039558048E1
1.275058527E2,-6.909965228E1
1.276125212E2,-6.969882861E1
1.277159285E2,-7.057033282E1
1.278204627E2,-7.194388101E1
1.279272609E2,-7.040554569E1
1.280340138E2,-7.072141877E1
1.281364224E2,-7.053286716E1
1.282431797E2,-6.993529889E1
1.283498920E2,-6.980507213E1
1.284525404E2,-6.985992990E1
1.285592273E2,-6.919168861E1
1.286660785E2,-7.170892158E1
1.287725162E2,-7.114896216E1
1.288792310E2,-7.166811811E1
1.289859741E2,-7.101404660E1
1.290885015E2,-7.058619524E1
1.291951809E2,-7.075902346E1
1.293019237E2,-7.130724024E1
1.294065860E2,-7.026826729E1
1.295090502E2,-6.940554019E1
1.296157837E2,-7.025172231E1
1.297190212E2,-6.990857545E1
1.298250220E2,-6.928737686E1
1.299316826E2,-6.931644657E1
1.300384106E2,-6.950095103E1
1.301451583E2,-7.131264433E1
1.302478360E2,-7.106890790E1
1.303545863E2,-7.074366111E1
1.304611088E2,-7.017479668E1
1.305635698E2,-6.918961596E1
1.306702619E2,-7.048577968E1
1.307735498E2,не число
1.308794112E2,-6.847036927E1
1.309821269E2,-6.975234644E1
1.310888259E2,-7.044415041E1
1.311955111E2,-6.987841592E1
1.312981051E2,-7.093457742E1
1.314047790E2,-6.981693087E1
1.315114727E2,-6.930108960E1
1.316161207E2,-6.993865358E1
1.317185973E2,-7.010872519E1
1.318252801E2,-7.034865865E1
1.319319461E2,-6.942878381E1
1.320366887E2,-6.916454891E1
1.321435473E2,-7.005867232E1
1.322462655E2,-6.995873700E1
1.323525814E2,-7.036173559E1
1.324551976E2,-7.082752237E1
1.325619388E2,-6.953614833E1
1.326665103E2,-6.991363678E1
1.327710484E2,-7.072277461E1
1.328735602E2,не число
1.329795288E2,-6.927618491E1
1.330862487E2,-7.001364791E1
1.331917738E2,-6.928346207E1
1.332984438E2,-6.895004103E1
1.334051297E2,-6.966981856E1
1.335077657E2,-6.995267221E1
1.336101935E2,-6.938598518E1
1.337165022E2,-7.060764455E1
1.338231647E2,-6.983034329E1
1.339283563E2,-6.927296317E1
1.340350602E2,-7.018873762E1
1.341383126E2,-7.132716295E1
1.342444081E2,-7.153742750E1
1.343467979E2,-6.826884704E1
1.344535447E2,-7.108400972E1
1.345602534E2,-7.079844817E1
1.346649137E2,не число
1.347664757E2,-7.132746707E1
1.348733081E2,-7.048363534E1
1.349764193E2,не число
1.350814759E2,-7.021783931E1
1.351838572E2,-6.979533318E1
1.352905962E2,-7.036092921E1
1.353964472E2,-6.973394710E1
1.354999786E2,-7.030251460E1
1.356023941E2,-7.028992525E1
1.357093650E2,-6.947154563E1
1.358159891E2,-6.993536228E1
1.359185190E2,-7.129926460E1
1.360208351E2,-7.088186101E1
1.361275784E2,-6.961587755E1
1.362301468E2,-7.078610244E1
1.363368140E2,-7.035663272E1
1.364393365E2,-6.994848321E1
1.365461417E2,-6.850068943E1
1.366529511E2,-6.899767094E1
1.367578038E2,-7.051764878E1
1.368645584E2,-6.869480104E1
1.369689999E2,-6.818346269E1
1.370754466E2,не число
1.371813623E2,-7.033467152E1
1.372879660E2,-6.948843972E1
1.373934662E2,-6.786706716E1
1.374964395E2,-6.859169277E1
1.376031091E2,-6.940948483E1
1.377094689E2,-6.969208163E1
1.378120474E2,-6.915932992E1
1.379145886E2,-6.869711224E1
1.380211985E2,-6.883222752E1
1.381279487E2,-6.967387331E1
1.382304620E2,-6.698606890E1
1.383364719E2,-6.650901255E1
1.384431163E2,-6.863236841E1
1.385485141E2,-6.866507884E1
1.386553118E2,-6.841996529E1
1.387599198E2,-6.851626789E1
1.388664571E2,не число
1.389724564E2,-6.872752762E1
1.390790375E2,-7.065710556E1
1.391826742E2,-6.710686246E1
1.392850471E2,-6.857397404E1
1.393917697E2,-6.929676658E1
1.394984941E2,-6.833227130E1
1.396030649E2,-6.771820457E1
1.397098408E2,-6.834284694E1
1.398164390E2,-6.890717054E1
1.399191636E2,-6.784709986E1
1.400216503E2,-6.811718962E1
1.401284170E2,-6.992711620E1
1.402352468E2,-6.805033148E1
1.403377171E2,-6.998890997E1
1.404438135E2,-6.843166235E1
1.405506011E2,-6.870493741E1
1.406555780E2,-7.002547971E1
1.407620379E2,-7.044710227E1
1.408689710E2,-6.797528519E1
1.409735266E2,не число
1.410793280E2,-6.968102038E1
1.411860066E2,-6.903232359E1
1.412917041E2,-6.592028578E1
1.413942421E2,-6.609746952E1
1.415009335E2,-6.608697002E1
1.416075566E2,-6.612946538E1
1.417122665E2,-6.489883163E1
1.418149700E2,-6.618252344E1
1.419217755E2,-6.574250325E1
1.420283466E2,-6.734333711E1
1.421309287E2,-6.645517624E1
1.422332512E2,-6.563774321E1
1.423375955E2,-6.787841290E1
1.424443311E2,-6.909292250E1
1.425492160E2,-6.774622061E1
1.426531557E2,-6.818923455E1
1.427600358E2,-6.853843278E1
1.428652768E2,-6.695373914E1
1.429676929E2,-6.707880536E1
1.430735584E2,не число
1.431793776E2,-6.845645402E1
1.432837153E2,-6.797783093E1
1.433862457E2,-6.766222261E1
1.434928869E2,-6.742813254E1
1.435995579E2,-6.848871177E1
1.437042087E2,-6.782260861E1
1.438109222E2,-6.815717479E1
1.439131248E2,-6.680842904E1
1.440199738E2,-6.958659209E1
1.441227775E2,-6.784087585E1
1.442296554E2,-6.869254200E1
1.443365144E2,-7.025321744E1
1.444408544E2,-6.740515147E1
1.445431258E2,-6.898954249E1
1.446498959E2,-6.848332432E1
1.447566559E2,-7.055197117E1
1.448592801E2,-6.970732224E1
1.449632067E2,-6.973836195E1
1.450701322E2,-6.909671916E1
1.451753005E2,-6.688538056E1
1.452778047E2,-6.812322120E1
1.453831426E2,-6.813971281E1
1.454897124E2,-6.840026409E1
1.455958755E2,-6.878670768E1
1.457026519E2,-6.879233383E1
1.458093802E2,-6.897058594E1
1.459139199E2,-6.962424814E1
1.460206608E2,-6.887245916E1
1.461273862E2,-6.950675654E1
1.462319511E2,-6.868497300E1
1.463387531E2,-6.805695791E1
1.464457189E2,-6.868888783E1
1.465500145E2,-6.936036160E1
1.466536973E2,-6.812125570E1
1.467604605E2,-7.082426671E1
1.468659766E2,не число
1.469684841E2,-6.906889182E1
1.470735307E2,-6.980930483E1
1.471754473E2,-6.940293760E1
1.472821122E2,-6.911998915E1
1.473871084E2,-6.949254465E1
1.474896979E2,-6.874871320E1
1.475939600E2,-6.953436504E1
1.477006798E2,-6.938403970E1
1.478034379E2,-6.975343401E1
1.479059954E2,-6.886755784E1
1.480127277E2,-6.771596005E1
1.481194935E2,-6.887091664E1
1.482220164E2,-6.879666422E1
1.483245010E2,-6.782600917E1
1.484312985E2,-6.854065273E1
1.485380222E2,-6.867825364E1
1.486425084E2,-6.570902775E1
1.487492585E2,-6.607269782E1
1.488559753E2,-6.729445829E1
1.489586562E2,-6.942551356E1
1.490611368E2,-6.841007124E1
1.491678470E2,-6.918980514E1
1.492735925E2,-7.021517772E1
1.493770022E2,-6.866485654E1
1.494837149E2,-6.946336873E1
1.495904196E2,-6.901192512E1
1.496950819E2,-7.011644808E1
1.497976546E2,-7.039430649E1
1.499043708E2,-6.939394445E1
1.500111178E2,-6.825117911E1
1.501136221E2,-6.915913626E1
1.502190581E2,-7.007102600E1
1.503257230E2,-6.861779387E1
1.504317289E2,-6.889544619E1
1.505341259E2,-6.862611962E1
1.506410333E2,-6.939940193E1
1.507478928E2,-6.837811597E1
1.508521166E2,-6.861347071E1
1.509588533E2,-6.950477739E1
1.510658626E2,-6.944193598E1
1.511703027E2,-6.919599946E1
1.512735990E2,-6.900770161E1
1.513797713E2,-6.986406936E1
1.514862617E2,-6.760952474E1
1.515887523E2,-6.673339786E1
1.516954825E2,-6.718140779E1
1.517997553E2,-6.913791127E1
1.519047190E2,-6.641253861E1
1.520071616E2,-6.565290096E1
1.521138502E2,-6.801640535E1
1.522190218E2,-6.777425865E1
1.523251409E2,-6.685262455E1
1.524318188E2,-6.544663473E1
1.525386458E2,-6.853513262E1
1.526431859E2,-7.108831759E1
1.527499181E2,-6.942225665E1
1.528565876E2,-7.048447733E1
1.529599035E2,-7.010695913E1
1.530667189E2,-6.832129576E1
1.531734076E2,не число
1.532792600E2,-6.814084738E1
1.533855208E2,-6.908403645E1
1.534923119E2,-6.860697828E1
1.535973013E2,-6.867463942E1
1.537040359E2,-6.977267721E1
1.538107916E2,-6.716962635E1
1.539133371E2,-6.779529379E1
1.540158158E2,-6.818304932E1
1.541229102E2,-6.609516492E1
1.542296296E2,-6.908706454E1
1.543317737E2,-6.778080798E1
1.544344027E2,-6.858954073E1
1.545411401E2,-7.058688330E1
1.546464797E2,-6.867650344E1
1.547524259E2,-6.934483891E1
1.548590815E2,-6.870314306E1
1.549656843E2,не число
1.550683841E2,-6.577522611E1
1.551735581E2,-6.665671990E1
1.552802198E2,-6.558544113E1
1.553863911E2,-6.798452777E1
1.554889062E2,-6.578186001E1
1.555956242E2,-6.915380582E1
1.557023168E2,-6.975887147E1
1.558068610E2,-7.026716695E1
1.559135810E2,-6.767773699E1
1.560202811E2,-7.080839476E1
1.561248929E2,-6.669017511E1
1.562315493E2,-6.891117017E1
1.563381934E2,-6.829409099E1
1.564429946E2,-7.000014428E1
1.565498356E2,-6.873679391E1
1.566536460E2,-6.783486564E1
1.567591140E2,-6.980450196E1
1.568615186E2,-6.997471559E1
1.569683741E2,-6.987493097E1
1.570735270E2,не число
1.571775946E2,-6.878688095E1
1.572799527E2,-7.033849057E1
1.573866856E2,-6.981997134E1
1.574934047E2,-6.937499982E1
1.575981257E2,-6.971646090E1
1.577048887E2,-6.883485490E1
1.578115989E2,-7.099735441E1
1.579160967E2,-6.946488870E1
1.580228502E2,-6.904803806E1
1.581294766E2,-6.961981145E1
1.582341957E2,-7.009969512E1
1.583409657E2,-7.051764744E1
1.584476491E2,-7.040490906E1
1.585521364E2,-6.893191796E1
1.586589252E2,-6.971079576E1
1.587657515E2,-7.114897931E1
1.588701705E2,-7.037514131E1
1.589736067E2,-6.933954395E1
1.590803694E2,-6.990023293E1
1.591862160E2,-6.926577018E1
1.592887060E2,-6.988656999E1
1.593954508E2,-7.010764060E1
1.595022153E2,-6.789539826E1
1.596049043E2,-6.939929236E1
1.597072111E2,-6.806524675E1
1.598139475E2,-6.847223987E1
1.599205774E2,-6.925553786E1
1.600251640E2,-6.987065594E1
1.601297664E2,-6.934722363E1
1.602364804E2,-6.968833377E1
1.603412332E2,-6.915679937E1
1.604437338E2,-7.010433072E1
1.605505040E2,-6.949558581E1
1.606571680E2,-7.017368689E1
1.607616817E2,-6.620292506E1
1.608684171E2,не число
1.609735768E2,-7.025336475E1
1.610797402E2,-6.933486890E1
1.611864618E2,-7.025107096E1
1.612931730E2,-6.768785431E1
1.613978129E2,-6.987411905E1
1.615045212E2,-7.033371863E1
1.616111919E2,-7.022744127E1
1.617160745E2,-6.999382891E1
1.618230337E2,-6.850010091E1
1.619298386E2,-6.868819232E1
1.620339570E2,-6.957664095E1
1.621376873E2,-7.147117512E1
1.622443646E2,-6.931185142E1
1.623499578E2,-7.062496302E1
1.624525770E2,-6.950140966E1
1.625592376E2,-7.235211308E1
1.626660532E2,не число
1.627685722E2,-7.077456444E1
1.628735736E2,-7.091468898E1
1.629802279E2,-7.035711632E1
1.630864349E2,-7.055166807E1
1.631891223E2,-7.161571964E1
1.632958284E2,-7.038656380E1
1.634024987E2,-7.032502733E1
1.635051340E2,-7.101865636E1
1.636118760E2,-6.970308940E1
1.637185943E2,-7.007075221E1
1.638251605E2,-6.960943888E1
1.639282684E2,-7.031138692E1
1.640349293E2,-7.000576670E1
1.641411895E2,-7.106491508E1
1.642436712E2,-7.055342759E1
1.643504045E2,-6.911742549E1
1.644572517E2,-6.903892338E1
1.645617089E2,-7.045200561E1
1.646683525E2,-7.083201359E1
1.647736277E2,не число
1.648777303E2,-6.956757479E1
1.649802009E2,-6.967991756E1
1.650868504E2,-6.933228023E1
1.651931080E2,-6.910447547E1
1.652963378E2,-6.844581137E1
1.653987885E2,-6.932276700E1
1.655054187E2,-6.968503394E1
1.656121978E2,-6.951084867E1
1.657167788E2,-6.867941862E1
1.658231539E2,-7.003093840E1
1.659298580E2,-6.950302759E1
1.660328982E2,-7.043967008E1
1.661354164E2,-7.060482552E1
1.662421420E2,-7.066818856E1
1.663440244E2,-6.912537602E1
1.664507812E2,-6.930861714E1
1.665575312E2,-6.587759392E1
1.666631160E2,-6.940236397E1
1.667693600E2,-6.990794400E1
1.668735530E2,не число
1.669794207E2,-6.992119366E1
1.670830803E2,-6.969019817E1
1.671878051E2,-7.032536624E1
1.672930739E2,-6.875480628E1
1.673999172E2,-6.969615940E1
1.675059201E2,-6.987556913E1
1.676084630E2,-6.951727769E1
1.677149796E2,-7.049441650E1
1.678217966E2,-6.914923712E1
1.679245611E2,-7.048409808E1
1.680312965E2,-6.897499806E1
1.681380072E2,-6.730660541E1
1.682425812E2,-6.941232701E1
1.683450387E2,-6.979951621E1
1.684517390E2,-6.930700874E1
1.685584722E2,-6.962029489E1
1.686630518E2,-6.856883782E1
1.687697231E2,-5.665115196E1
1.688736310E2,-5.945099285E1
1.689789352E2,-6.111059653E1
1.690814984E2,-6.368196989E1
1.691881860E2,-6.436326732E1
1.692948617E2,-6.473280681E1
1.693994821E2,-6.635792387E1
1.695058213E2,-6.753073284E1
1.696125714E2,-6.811816080E1
1.697175604E2,-6.875071931E1
1.698242990E2,-7.013649960E1
1.699309939E2,-6.958067414E1
1.700356207E2,-6.939035283E1
1.701397633E2,-7.069730369E1
1.702465251E2,-6.964107286E1
1.703516422E2,-7.034829965E1
1.704540834E2,-6.836851854E1
1.705607901E2,-7.069660970E1
1.706674225E2,не число
1.707720877E2,-7.009500172E1
1.708787705E2,-7.129422569E1
1.709854885E2,-7.036700669E1
1.710901993E2,-7.030320686E1
1.711968518E2,-6.940762614E1
1.713035436E2,-6.912801298E1
1.714082027E2,-7.237992282E1
1.715148380E2,-7.118064875E1
1.716211446E2,-7.051840144E1
1.717262762E2,-6.947866922E1
1.718330200E2,-6.809284783E1
1.719399530E2,-7.000115093E1
1.720443175E2,-6.866521121E1
1.721511461E2,-6.914031238E1
1.722579132E2,-7.026808778E1
1.723623669E2,-6.816862771E1
1.724689813E2,не число
1.725735920E2,-6.836559167E1
1.726785115E2,-6.826978376E1
1.727808935E2,-6.549932676E1
1.728876521E2,-6.381188014E1
1.729919152E2,-6.542769360E1
1.730969425E2,-6.408987892E1
1.731993634E2,-6.811976740E1
1.733060617E2,-6.828634282E1
1.734128134E2,-6.853989647E1
1.735173900E2,-7.034811031E1
1.736241556E2,-7.020655884E1
1.737309000E2,-7.007464819E1
1.738355632E2,-7.118318678E1
1.739424283E2,-7.043865884E1
1.740493764E2,-6.898107295E1
1.741535665E2,-7.063054632E1
1.742602548E2,-7.037241233E1
1.743669526E2,-6.849179712E1
1.744736148E2,-6.789230072E1
1.745803111E2,-6.648709628E1
1.746868833E2,-6.828985120E1
1.747896771E2,-6.806564769E1
1.748963642E2,-6.904831457E1
1.750031051E2,-6.924757750E1
1.751078483E2,-6.860118925E1
1.752144807E2,-6.837891425E1
1.753197348E2,-6.882085722E1
1.754258007E2,-6.763141580E1
1.755324971E2,-6.846885392E1
1.756391525E2,-6.825259710E1
1.757438564E2,-6.951134366E1
1.758507079E2,-7.019673011E1
1.759575318E2,-6.966124025E1
1.760619162E2,-7.000185754E1
1.761684802E2,-6.936328268E1
1.762735626E2,не число
1.763779241E2,-6.971361676E1
1.764804281E2,-7.077050350E1
1.765872295E2,-6.929702507E1
1.766939585E2,-6.936254789E1
1.767984028E2,-7.111539876E1
1.769024902E2,-7.030733386E1
1.770091933E2,-6.929253470E1
1.771144857E2,-6.914069453E1
1.772169098E2,-6.893754969E1
1.773237068E2,-6.844934575E1
1.774303670E2,-6.878733017E1
1.775349375E2,-6.947162279E1
1.776417639E2,-6.955395168E1
1.777484267E2,-7.078728961E1
1.778530635E2,-6.848105581E1
1.779597658E2,-6.801789395E1
1.780664562E2,не число
1.781710926E2,-6.863721329E1
1.782735943E2,-6.798871004E1
1.783802664E2,-6.807722275E1
1.784869807E2,-6.959397560E1
1.785896285E2,-7.118127730E1
1.786964011E2,-6.907606186E1
1.788004807E2,-6.935498266E1
1.789056143E2,-7.115951909E1
1.790080352E2,-6.976602867E1
1.791148057E2,-6.973088329E1
1.792214510E2,-6.984711631E1
1.793261422E2,-6.984222076E1
1.794284485E2,-6.846770991E1
1.795352055E2,-6.954276736E1
1.796419633E2,-6.766126320E1
1.797445916E2,-6.980912998E1
1.798513393E2,-6.851252362E1
1.799557360E2,-7.111354426E1
1.800607538E2,-6.923680827E1
1.801630297E2,не число
1.802658642E2,-6.917710041E1
1.803727323E2,-6.715962231E1
1.804791317E2,-6.765044156E1
1.805815943E2,-6.625265757E1
1.806882644E2,-6.884609473E1
1.807950495E2,-6.982460511E1
1.808997214E2,-6.774608122E1
1.810067239E2,-6.876682161E1
1.811137722E2,-7.021398594E1
1.812204194E2,-6.849383035E1
1.813272804E2,-6.956781934E1
1.814334200E2,-6.932524827E1
1.815359990E2,-6.895970670E1
1.816429695E2,-6.680491960E1
1.817498637E2,-6.823338905E1
1.818539969E2,-6.762377502E1
1.819608800E2,-6.698186860E1
1.820632268E2,-6.333192766E1
1.821699469E2,-6.249188787E1
1.822736060E2,не число
1.823797129E2,-6.656926748E1
1.824831012E2,-6.612263374E1
1.825884486E2,-6.696823595E1
1.826908793E2,-6.788121690E1
1.827976262E2,-6.689337947E1
1.829042775E2,-6.559420864E1
1.830089748E2,-6.792297161E1
1.831112983E2,-6.602847768E1
1.832180119E2,-6.468889474E1
1.833231403E2,-6.819025784E1
1.834273849E2,-6.816079863E1
1.835340442E2,-6.762345052E1
1.836407087E2,-6.676922355E1
1.837455617E2,-6.644885713E1
1.838523532E2,-6.851232770E1
1.839590225E2,-6.747880196E1
1.840634683E2,-6.555187166E1
1.841701875E2,-6.707531706E1
1.842735895E2,-6.843974785E1
1.843795510E2,-6.751872997E1
1.844820063E2,-6.550007847E1
1.845886725E2,-6.780433686E1
1.846930048E2,-6.738673878E1
1.847980592E2,-6.640217541E1
1.849004836E2,-6.632821004E1
1.850071966E2,-6.402317241E1
1.851138975E2,-6.525480880E1
1.852186933E2,-6.709305495E1
1.853254672E2,-6.673695758E1
1.854321049E2,-6.751090203E1
1.855365722E2,-6.852729268E1
1.856432952E2,-6.960498368E1
1.857497828E2,-7.054448729E1
1.858546802E2,-7.037354006E1
1.859613046E2,-6.950314791E1
1.860679475E2,не число
1.861727939E2,-7.013256808E1
1.862795304E2,-6.997827692E1
1.863861980E2,-7.024728958E1
1.864907975E2,-6.983609431E1
1.865930855E2,-6.999643503E1
1.866998999E2,-7.050647527E1
1.868047285E2,-6.899894260E1
1.869073128E2,-6.938909081E1
1.870096838E2,-6.977380105E1
1.871140432E2,-6.951081267E1
1.872208667E2,-6.908030873E1
1.873257837E2,-6.861347105E1
1.874283071E2,-6.856472861E1
1.875332995E2,-6.748369092E1
1.876399351E2,-6.880222375E1
1.877463878E2,-7.025261810E1
1.878530744E2,-6.886159271E1
1.879597812E2,-7.058961168E1
1.880624511E2,-6.979590052E1
1.881647653E2,не число
1.882706576E2,-7.010673303E1
1.883735533E2,-6.897825417E1
1.884802597E2,-7.011361284E1
1.885833067E2,-7.075260737E1
1.886900952E2,-6.974354306E1
1.887967875E2,-6.993117203E1
1.889014095E2,-6.959878893E1
1.890040685E2,-6.627724180E1
1.891107682E2,-6.614362878E1
1.892174280E2,-6.900995186E1
1.893242129E2,-6.783452071E1
1.894309092E2,-6.793353495E1
1.895353526E2,-6.766895595E1
1.896380016E2,-6.855723928E1
1.897397260E2,-7.056655649E1
1.898464177E2,-7.022019440E1
1.899531493E2,-7.058312983E1
1.900565974E2,-6.918245788E1
1.901632896E2,-6.895672585E1
1.902699657E2,не число
1.903745722E2,-7.000416876E1
1.904813237E2,-6.867004163E1
1.905880098E2,-6.969051804E1
1.906925389E2,-6.804134407E1
1.907992625E2,-6.857046732E1
1.909059563E2,-6.966551552E1
1.910106468E2,-6.918108407E1
1.911173480E2,-6.863434863E1
1.912204430E2,-7.037662752E1
1.913269462E2,-6.861647238E1
1.914291213E2,-6.998592352E1
1.915359010E2,-7.009650881E1
1.916426451E2,-6.959612898E1
1.917472940E2,-7.038776761E1
1.918539460E2,-6.934877602E1
1.919606053E2,-6.925162843E1
1.920651305E2,не число
1.921710208E2,-7.060802250E1
1.922735862E2,-7.071715038E1
1.923802542E2,-6.744139367E1
1.924836694E2,-6.978379965E1
1.925903400E2,-6.977095352E1
1.926969753E2,-6.859356318E1
1.927996756E2,-6.947664480E1
1.929063932E2,-6.984414181E1
1.930131468E2,-6.939328860E1
1.931177326E2,-7.091436913E1
1.932202543E2,-6.985403860E1
1.933270737E2,-7.019097864E1
1.934337607E2,-6.832670145E1
1.935383161E2,-6.890271384E1
1.936450351E2,-7.015403767E1
1.937517267E2,-6.774849686E1
1.938564208E2,-6.785020581E1
1.939587314E2,-6.824969588E1
1.940654361E2,-6.773619057E1
1.941720747E2,не число
1.942748068E2,-6.798410923E1
1.943814881E2,-6.827165183E1
1.944882044E2,-6.990153203E1
1.945929145E2,-6.924129886E1
1.946996123E2,-6.675611429E1
1.948063225E2,-6.816881614E1
1.949089994E2,-6.976814494E1
1.950142148E2,-6.958015678E1
1.951209923E2,-6.916589635E1
1.952269753E2,-6.857915459E1
1.953294631E2,-6.868715314E1
1.954331439E2,-6.982024703E1
1.955399497E2,-7.132043079E1
1.956453971E2,-6.940664454E1
1.957479390E2,-6.790444781E1
1.958546348E2,-6.827989584E1
1.959613560E2,-6.949734275E1
1.960659821E2,-6.992956339E1
1.961727205E2,-6.866941249E1
1.962793653E2,-6.972821883E1
1.963819925E2,-6.996172856E1
1.964844203E2,-6.948671189E1
1.965910963E2,-7.068927762E1
1.966978003E2,-6.866335027E1
1.968025557E2,-6.977677819E1
1.969092952E2,-6.964444717E1
1.970159862E2,-6.945932951E1
1.971185925E2,-6.814649162E1
1.972252731E2,-7.023566064E1
1.973320459E2,-7.011623522E1
1.974367139E2,-6.965814809E1
1.975391075E2,-6.826725310E1
1.976436049E2,-6.994661042E1
1.977503232E2,-6.865535356E1
1.978550537E2,-6.752200696E1
1.979617595E2,-6.927824363E1
1.980684730E2,-6.810683200E1
1.981731737E2,-7.015426149E1
1.982756578E2,-6.892565488E1
1.983824822E2,-6.884651080E1
1.984891776E2,-6.826924955E1
1.985916655E2,-6.943709971E1
1.986983148E2,-7.041213302E1
1.988050282E2,-7.081646523E1
1.989097636E2,-6.992503168E1
1.990122172E2,-6.807236003E1
1.991189045E2,-7.085077386E1
1.992222218E2,-7.053343874E1
1.993282983E2,-6.910909067E1
1.994306934E2,-6.793692124E1
1.995375398E2,-6.891569329E1
1.996443214E2,-6.861294695E1
1.997487840E2,-6.885991619E1
1.998549449E2,-6.923207501E1
1.999597335E2,-6.971255029E1
2.000648175E2,-6.723757060E1
2.001672658E2,-6.839910739E1
2.002736023E2,-6.825769759E1
2.003796833E2,-6.774328859E1
2.004854719E2,-6.909864954E1
2.005880396E2,-7.007278286E1
2.006947515E2,-6.964456962E1
2.008014174E2,-6.903063329E1
2.009038271E2,-6.887588334E1
2.010105582E2,-6.914293302E1
2.011171790E2,-6.932743020E1
2.012220318E2,-6.965173810E1
2.013252947E2,-6.876166413E1
2.014285190E2,-6.931263145E1
2.015353358E2,-6.951069249E1
2.016385688E2,-7.041648681E1
2.017409617E2,-6.978391484E1
2.018477117E2,-7.011222740E1
2.019543072E2,-7.060427517E1
2.020590642E2,-6.991166355E1
2.021661158E2,-7.138651041E1
2.022728777E2,-6.955998639E1
2.023771739E2,-7.034304710E1
2.024839566E2,-7.035617472E1
2.025907210E2,-6.951015761E1
2.026952543E2,-6.908601722E1
2.028019702E2,-7.034668273E1
2.029086855E2,-6.951655687E1
2.030132538E2,-7.085728678E1
2.031176558E2,-6.943427819E1
2.032244500E2,-6.881729044E1
2.033294303E2,-7.010860391E1
2.034359573E2,-6.733907753E1
2.035429298E2,-7.023716338E1
2.036494456E2,-6.935977330E1
2.037562377E2,-7.056998047E1
2.038629982E2,-7.029857881E1
2.039675822E2,не число
2.040734375E2,-7.026913136E1
2.041779844E2,-7.018513954E1
2.042834984E2,-7.078074436E1
2.043859321E2,-6.932808900E1
2.044926627E2,-7.094475736E1
2.045993916E2,-6.960097252E1
2.047040220E2,-6.962470072E1
2.048062611E2,-6.946032692E1
2.049129711E2,-7.112222919E1
2.050196961E2,-6.985177381E1
2.051224962E2,-6.914972973E1
2.052292243E2,-6.910091114E1
2.053358682E2,-7.037499445E1
2.054405531E2,-6.954176933E1
2.055472674E2,-7.012133957E1
2.056541058E2,-6.820926814E1
2.057566730E2,-6.999916203E1
2.058589767E2,-7.089254743E1
2.059656727E2,-7.147492402E1
2.060723255E2,не число
2.061770721E2,-6.990293647E1
2.062797130E2,-7.049868273E1
2.063864665E2,-7.030066071E1
2.064930040E2,-7.055066628E1
2.065955032E2,-6.960516328E1
2.067021732E2,-7.093340014E1
2.068090416E2,-6.971383769E1
2.069135675E2,-7.087183049E1
2.070202028E2,-7.025230211E1
2.071230477E2,-7.039244841E1
2.072295446E2,-6.968795634E1
2.073321727E2,-6.996401442E1
2.074390378E2,-6.942928659E1
2.075457476E2,-7.053062812E1
2.076502427E2,-6.994913983E1
2.077570665E2,-6.936223253E1
2.078638226E2,-6.943755740E1
2.079661983E2,-6.893505292E1
2.080728660E2,-6.957509752E1
2.081760580E2,-7.052923529E1
2.082828304E2,-7.048664522E1
2.083866910E2,-6.953785904E1
2.084888357E2,-7.073233303E1
2.085930649E2,-6.850867593E1
2.086997504E2,-6.914014935E1
2.088031420E2,-7.218318651E1
2.089098012E2,-7.202651650E1
2.090130696E2,-6.972223657E1
2.091197925E2,-7.189007239E1
2.092216572E2,-7.134944208E1
2.093240988E2,-6.974866549E1
2.094274888E2,-7.012417238E1
2.095342110E2,-7.095502993E1
2.096402405E2,-7.184914253E1
2.097471088E2,-7.087830141E1
2.098491258E2,-6.889076093E1
2.099557932E2,-7.094074334E1
2.100606293E2,-6.860430944E1
2.101672752E2,-6.975802882E1
2.102736145E2,не число
2.103766978E2,-7.156999127E1
2.104830370E2,-6.993899859E1
2.105898430E2,-7.110018784E1
2.106945407E2,-6.973957374E1
2.107971435E2,-7.064810577E1
2.109038525E2,-6.961834538E1
2.110105367E2,-7.144084364E1
2.111133338E2,-7.065148032E1
2.112156295E2,-7.076403644E1
2.113181268E2,-7.018010865E1
2.114244110E2,-7.083374720E1
2.115312627E2,-7.028892846E1
2.116342866E2,-6.908687403E1
2.117410407E2,-7.044816414E1
2.118475360E2,-7.142519481E1
2.119502814E2,-7.033787449E1
2.120526556E2,-6.872171381E1
2.121594186E2,-6.917509864E1
2.122660723E2,-6.938715181E1
2.123687867E2,не число
2.124735926E2,-6.933381885E1
2.125803799E2,-6.958287498E1
2.126867195E2,-7.153844800E1
2.127892112E2,-6.904217161E1
2.128959997E2,-7.092648189E1
2.130026991E2,-7.153900318E1
2.131072796E2,-7.074474531E1
2.132139582E2,-6.955340232E1
2.133206347E2,-7.178292675E1
2.134233776E2,-6.911748394E1
2.135257975E2,-7.002325254E1
2.136326210E2,-7.065229110E1
2.137394582E2,-7.031941147E1
2.138419519E2,-7.043422817E1
2.139444005E2,-7.175811367E1
2.140511782E2,-6.954043403E1
2.141578677E2,-6.887775636E1
2.142624164E2,-6.959103482E1
2.143693167E2,-6.992792280E1
2.144735210E2,не число
2.145783826E2,-7.141435578E1
2.146809691E2,-7.133255098E1
2.147878325E2,-7.161137130E1
2.148927727E2,-7.071717973E1
2.149970257E2,-7.038637700E1
2.151030427E2,-6.892220183E1
2.152097747E2,-6.943898348E1
2.153150265E2,-6.785871054E1
2.154175527E2,-6.985742507E1
2.155242742E2,-7.004840191E1
2.156271535E2,-6.819089786E1
2.157334876E2,-6.801361800E1
2.158395390E2,-7.075469996E1
2.159462478E2,-6.943104407E1
2.160515341E2,-6.934680437E1
2.161542140E2,-7.029067220E1
2.162609611E2,-7.096788487E1
2.163676838E2,-7.089931720E1
2.164735745E2,-7.004306281E1
2.165804178E2,-6.948142027E1
2.166871382E2,-6.922929877E1
2.167939283E2,-6.958446860E1
2.169006274E2,-6.956152542E1
2.170057799E2,-6.857834628E1
2.171082392E2,-7.062124243E1
2.172149937E2,-6.969077170E1
2.173216348E2,-7.034991432E1
2.174263346E2,-6.813587609E1
2.175296982E2,-6.847450682E1
2.176365688E2,-7.012915259E1
2.177423706E2,-6.914441073E1
2.178450375E2,-7.052629925E1
2.179470698E2,-6.992320948E1
2.180537649E2,-6.987530333E1
2.181597534E2,-7.045898222E1
2.182634131E2,-7.032359130E1
2.183697106E2,-6.968612394E1
2.184735217E2,-7.010871646E1
2.185793884E2,-6.990316668E1
2.186818004E2,-6.993716296E1
2.187885802E2,-6.798957210E1
2.188953390E2,-6.771500372E1
2.189979195E2,-6.923698710E1
2.191004295E2,-6.860329740E1
2.192071480E2,-6.806370834E1
2.193138790E2,-6.931560564E1
2.194164642E2,-7.094999391E1
2.195188359E2,-6.971096407E1
2.196248567E2,-7.037524847E1
2.197300988E2,-6.909410303E1
2.198348627E2,-7.011186519E1
2.199407270E2,-6.935936899E1
2.200465083E2,-6.938452066E1
2.201521938E2,-6.985935220E1
2.202534434E2,-7.058675060E1
2.203592346E2,-6.990567623E1
2.204651107E2,-6.762480240E1
2.205715643E2,-7.032328532E1
2.206735615E2,-6.961134475E1
2.207802656E2,-7.052767986E1
2.208870177E2,-7.115402889E1
2.209900899E2,-7.017366352E1
2.210968574E2,-6.987470910E1
2.212036415E2,-6.928129410E1
2.213101837E2,-6.964152220E1
2.214169092E2,-6.832960763E1
2.215197401E2,-6.814424110E1
2.216261207E2,-6.842369287E1
2.217285478E2,-6.813915046E1
2.218354793E2,-6.837766739E1
2.219423507E2,-7.037201381E1
2.220466812E2,-6.896206321E1
2.221534825E2,-6.749051237E1
2.222602528E2,-6.859437118E1
2.223646740E2,-6.901018941E1
2.224713554E2,не число
2.225735503E2,-6.993529508E1
2.226754913E2,-6.912974923E1
2.227812047E2,-7.008882521E1
2.228834990E2,-6.957935275E1
2.229901431E2,-6.957079307E1
2.230939847E2,-6.944761036E1
2.231995321E2,-7.018576594E1
2.233020247E2,-7.111449070E1
2.234087070E2,-7.126387020E1
2.235156727E2,-6.908200057E1
2.236200888E2,-6.837153950E1
2.237268639E2,-7.134806279E1
2.238335935E2,-7.013222786E1
2.239362251E2,-7.033373637E1
2.240384921E2,-7.001923552E1
2.241416972E2,-6.989868673E1
2.242484268E2,-7.094439921E1
2.243545151E2,-7.140621859E1
2.244570285E2,-6.951977499E1
2.245604656E2,-6.928215600E1
2.246672276E2,-6.993664245E1
2.247730115E2,-6.822621654E1
2.248753792E2,-6.876374604E1
2.249821476E2,-6.880049066E1
2.250888119E2,-6.906370984E1
2.251935191E2,-6.928259190E1
2.253001727E2,-7.034783075E1
2.254069473E2,-7.011186398E1
2.255095980E2,-7.026428485E1
2.256120279E2,-6.982153088E1
2.257187872E2,-6.956248531E1
2.258255202E2,-7.015907431E1
2.259300048E2,-7.132391763E1
2.260368300E2,-7.079541274E1
2.261435678E2,-7.077089111E1
2.262460757E2,-6.930104822E1
2.263527622E2,-7.068532371E1
2.264595429E2,-7.052651325E1
2.265640114E2,-6.966584825E1
2.266664068E2,не число
2.267696994E2,-6.927558772E1
2.268736312E2,-7.024992669E1
2.269796644E2,-7.073087547E1
2.270829327E2,-7.027638422E1
2.271897136E2,-7.137097067E1
2.272963797E2,-7.025277631E1
2.274029309E2,-6.888433161E1
2.275096935E2,-6.928430937E1
2.276165060E2,-7.054077292E1
2.277188573E2,-7.024944704E1
2.278255921E2,-7.073204887E1
2.279322640E2,-7.055240411E1
2.280369126E2,-6.865518384E1
2.281394831E2,-7.006739605E1
2.282463599E2,-7.030349860E1
2.283532107E2,-6.960597116E1
2.284574675E2,-7.005317525E1
2.285641712E2,-6.996634240E1
2.286708929E2,-7.014298981E1
2.287753863E2,не число
2.288813220E2,-6.972154921E1
2.289879707E2,-7.062338432E1
2.290934848E2,-7.021268872E1
2.292003583E2,-6.901619981E1
2.293070719E2,-6.951602784E1
2.294116009E2,-6.841911325E1
2.295183413E2,-6.857618631E1
2.296250712E2,-6.860538343E1
2.297307949E2,-6.901785944E1
2.298344490E2,-6.923445122E1
2.299394000E2,-6.864812019E1
2.300455886E2,-6.791307526E1
2.301481690E2,-6.962766289E1
2.302507304E2,-6.946415593E1
2.303534354E2,-7.086259724E1
2.304602015E2,-6.986205090E1
2.305664965E2,не число
2.306723968E2,-7.030921172E1
2.307790708E2,-7.094914773E1
2.308845405E2,-7.061846579E1
2.309868299E2,-6.999133645E1
2.310936538E2,-7.014451638E1
2.312003830E2,-6.984382364E1
2.313030439E2,-7.092178804E1
2.314082179E2,-6.959245310E1
2.315148468E2,-7.031542290E1
2.316210606E2,-6.991099981E1
2.317278163E2,-7.028594949E1
2.318330302E2,-6.957283718E1
2.319391064E2,-7.009210934E1
2.320458303E2,-6.987484546E1
2.321525908E2,-7.067959040E1
2.322551548E2,-7.035238172E1
2.323576237E2,-7.097841648E1
2.324643242E2,-6.970367199E1
2.325709723E2,-7.066793592E1
2.326755837E2,-7.020378061E1
2.327823865E2,-7.020662711E1
2.328891329E2,-7.055173754E1
2.329936158E2,-7.082171922E1
2.331003950E2,-7.087837597E1
2.332041225E2,-6.860853002E1
2.333097148E2,-6.717427088E1
2.334164572E2,-7.083186921E1
2.335231253E2,-7.050952901E1
2.336299329E2,-6.974847778E1
2.337366930E2,-7.055780881E1
2.338433703E2,-6.941721174E1
2.339459021E2,-7.036325350E1
2.340482731E2,-6.984206509E1
2.341552305E2,-6.981583054E1
2.342619067E2,-6.998912403E1
2.343663417E2,не число
2.344721805E2,-7.135224510E1
2.345789170E2,-7.074808222E1
2.346835424E2,-7.095907705E1
2.347903247E2,-6.978424611E1
2.348969924E2,-6.838162430E1
2.350024660E2,-6.980718500E1
2.351092132E2,-7.030578801E1
2.352159610E2,-7.018860095E1
2.353206267E2,-6.912069875E1
2.354263632E2,-6.939551069E1
2.355330382E2,-7.116701959E1
2.356386875E2,-6.964328308E1
2.357454560E2,-7.049660310E1
2.358521563E2,-6.947211234E1
2.359566296E2,-6.821100088E1
2.360590091E2,-6.921719797E1
2.361656920E2,не число
2.362716315E2,-7.064418017E1
2.363752135E2,-7.073495280E1
2.364819424E2,-6.921629339E1
2.365886912E2,-7.036287843E1
2.366912742E2,-7.049854265E1
2.367979856E2,-6.846269615E1
2.369036310E2,-7.069439165E1
2.370091750E2,-6.829840217E1
2.371118142E2,-6.276734375E1
2.372186365E2,-6.441697451E1
2.373253055E2,-6.822548471E1
2.374279031E2,-6.811941804E1
2.375345909E2,-7.052776903E1
2.376412801E2,-7.076513329E1
2.377458648E2,-7.052015002E1
2.378483261E2,-6.948953790E1
2.379550273E2,-7.065946693E1
2.380617049E2,-6.869118617E1
2.381644311E2,-7.053599744E1
2.382711150E2,не число
2.383735959E2,-7.031464975E1
2.384803076E2,-7.116975260E1
2.385848884E2,-7.058454040E1
2.386916129E2,-7.123579364E1
2.387983790E2,-6.968039578E1
2.389028404E2,-7.092241190E1
2.390095515E2,-7.062232268E1
2.391162866E2,-7.029234603E1
2.392208717E2,-7.062692735E1
2.393230468E2,-6.961828137E1
2.394298260E2,-6.759802305E1
2.395365694E2,-6.990061612E1
2.396393904E2,-7.007298951E1
2.397430393E2,-7.137231003E1
2.398498768E2,-7.115687637E1
2.399555610E2,-7.041447471E1
2.400579907E2,-7.020908141E1
2.401646578E2,-7.068803478E1
2.402713382E2,-7.062630500E1
2.403760268E2,-6.932984207E1
2.404827415E2,-6.831616949E1
2.405893721E2,-6.934341780E1
2.406940220E2,-7.161546142E1
2.407968423E2,-7.002120619E1
2.409035266E2,-7.140360904E1
2.410102484E2,-7.148511599E1
2.411127354E2,-7.019928306E1
2.412194694E2,-6.998709733E1
2.413241314E2,-7.007676658E1
2.414306636E2,-7.108182913E1
2.415369880E2,-7.081491107E1
2.416439216E2,-7.142928518E1
2.417487247E2,-7.067717697E1
2.418545965E2,-7.051267576E1
2.419609116E2,-7.078320667E1
2.420669669E2,не число
2.421730139E2,-6.989100243E1
2.422796790E2,-7.077413186E1
2.423850495E2,-6.992850226E1
2.424875761E2,-7.084054710E1
2.425919742E2,-7.009659397E1
2.426986125E2,-7.108906263E1
2.428035463E2,-7.043877926E1
2.429102302E2,-7.071759645E1
2.430170650E2,-7.009269572E1
2.431216003E2,-7.074090706E1
2.432282364E2,-7.068060204E1
2.433350070E2,-6.962655226E1
2.434397050E2,-7.123672918E1
2.435463465E2,-7.044901043E1
2.436531739E2,-6.980778177E1
2.437558584E2,-6.975675213E1
2.438582277E2,-7.047328662E1
2.439649528E2,-6.973491552E1
2.440715872E2,-7.164413148E1
2.441743110E2,не число
2.442768409E2,-6.885082583E1
2.443835607E2,-6.773404628E1
2.444902481E2,-7.115498505E1
2.445928471E2,-7.076866819E1
2.446952569E2,-7.007654199E1
2.448019265E2,-7.052383323E1
2.449087182E2,-7.146867753E1
2.450134180E2,-7.068319390E1
2.451200606E2,-6.994437036E1
2.452267669E2,-7.057326685E1
2.453314980E2,-7.079980014E1
2.454382334E2,-7.048206872E1
2.455449560E2,-6.922842046E1
2.456495402E2,-7.081408258E1
2.457563470E2,-7.059972096E1
2.458630957E2,-7.015104956E1
2.459688434E2,не число
2.460735216E2,-7.111211948E1
2.461801416E2,-7.026227960E1
2.462857246E2,-7.030758962E1
2.463924049E2,-7.033746158E1
2.464988982E2,-6.965168082E1
2.466038162E2,-7.086868955E1
2.467061260E2,-6.971666297E1
2.468127784E2,-7.109817067E1
2.469194749E2,-7.018607836E1
2.470224595E2,-6.990413554E1
2.471291281E2,-6.979808606E1
2.472330082E2,-7.090142304E1
2.473384805E2,-7.031699415E1
2.474408007E2,-7.083061148E1
2.475474991E2,-7.083088319E1
2.476529886E2,-7.033730943E1
2.477589443E2,-6.978045345E1
2.478630327E2,-7.033007333E1
2.479696762E2,-6.993925678E1
2.480749147E2,-7.093970884E1
2.481773692E2,-7.068963159E1
2.482830313E2,-7.010026484E1
2.483897139E2,-7.076107492E1
2.484954556E2,-6.991864657E1
2.485976954E2,-7.049378397E1
2.487043788E2,-7.008991774E1
2.488110790E2,-6.956734086E1
2.489139249E2,-7.048380056E1
2.490205861E2,-7.011202988E1
2.491223687E2,-6.992943412E1
2.492291450E2,-6.959122063E1
2.493323472E2,-7.047316247E1
2.494389825E2,-6.864535228E1
2.495458425E2,-7.095569246E1
2.496484582E2,-7.133003511E1
2.497509298E2,-6.979772636E1
2.498576815E2,-6.957499868E1
2.499643589E2,-7.016040876E1
2.500668112E2,-6.953526871E1
2.501693915E2,не число
2.502735787E2,-7.030148327E1
2.503802840E2,-6.974221618E1
2.504854004E2,-6.894721181E1
2.505876565E2,-6.980828045E1
2.506900904E2,-7.063682817E1
2.507968372E2,-7.068047959E1
2.509035179E2,-6.998482257E1
2.510101762E2,-7.069404352E1
2.511169290E2,-7.014588294E1
2.512220871E2,-6.928763121E1
2.513289547E2,-6.282008845E1
2.514357022E2,-6.362002211E1
2.515421335E2,-6.654900691E1
2.516489788E2,-6.696820782E1
2.517556927E2,-6.935071904E1
2.518582263E2,-6.784097123E1
2.519631195E2,-6.950176131E1
2.520699668E2,-6.751223702E1
2.521759348E2,-6.831386322E1
2.522785525E2,-7.037337766E1
2.523808500E2,-7.060042745E1
2.524875981E2,-6.966991160E1
2.525940887E2,-6.960197568E1
2.526971077E2,-7.073752356E1
2.528038149E2,-6.944040294E1
2.529105440E2,-7.013743500E1
2.530131513E2,-7.139359966E1
2.531156589E2,-7.086051423E1
2.532185427E2,-7.090068965E1
2.533251420E2,-6.906430737E1
2.534317160E2,-7.020792365E1
2.535340645E2,-6.943422922E1
2.536408814E2,-7.015904018E1
2.537429979E2,-7.006713045E1
2.538497508E2,-6.974432742E1
2.539563899E2,-7.082979395E1
2.540631025E2,-6.998554981E1
2.541682561E2,-7.047810252E1
2.542735455E2,-7.099779018E1
2.543802630E2,-6.957819195E1
2.544861308E2,-6.980109365E1
2.545887550E2,-7.043111418E1
2.546953982E2,-7.044574865E1
2.548021462E2,-7.089940477E1
2.549047810E2,-6.951873643E1
2.550114760E2,-7.089154484E1
2.551182142E2,-7.017343682E1
2.552228195E2,-7.040435830E1
2.553252937E2,-6.958896731E1
2.554320801E2,-6.931420371E1
2.555388042E2,-6.789039095E1
2.556415080E2,-6.858825814E1
2.557437870E2,-6.803803008E1
2.558506021E2,-6.810870311E1
2.559572438E2,-7.001511968E1
2.560619312E2,-7.073152905E1
2.561676632E2,-7.023402343E1
2.562735921E2,-6.870685661E1
2.563800713E2,-6.919354467E1
2.564868861E2,-6.946795264E1
2.565936341E2,-6.915219477E1
2.566981020E2,-6.929167393E1
2.568048740E2,-6.984183387E1
2.569115517E2,-6.900503509E1
2.570148417E2,-6.960860695E1
2.571216915E2,-7.036714631E1
2.572285247E2,-6.897870978E1
2.573341994E2,-7.031589128E1
2.574408885E2,-7.037195344E1
2.575476082E2,-7.042542551E1
2.576503024E2,-7.039714001E1
2.577526828E2,-6.923798506E1
2.578593468E2,-6.728168432E1
2.579661848E2,-6.846039347E1
2.580707720E2,-6.858526322E1
2.581735847E2,не число
2.582748673E2,-6.945543561E1
2.583809356E2,-6.773211741E1
2.584871515E2,-6.900923232E1
2.585896580E2,-7.000941575E1
2.586963523E2,-6.963307679E1
2.588030648E2,-6.970137316E1
2.589057301E2,-6.943211338E1
2.590081919E2,-6.977708644E1
2.591128282E2,-6.900956218E1
2.592168725E2,-7.092728749E1
2.593235020E2,-7.033954274E1
2.594266969E2,-6.920249224E1
2.595336470E2,-7.098415986E1
2.596403786E2,-6.949239896E1
2.597448702E2,-6.915594332E1
2.598517192E2,-6.934731735E1
2.599584124E2,-6.930006237E1
2.600608494E2,-6.845252182E1
2.601632620E2,-6.938776187E1
2.602699446E2,не число
2.603735699E2,-6.923287608E1
2.604792767E2,-7.080530808E1
2.605817143E2,-6.958860310E1
2.606884212E2,-6.813772830E1
2.607914932E2,-6.934273528E1
2.608977808E2,-6.935458952E1
2.610025368E2,-7.078644548E1
2.611092998E2,-6.978611308E1
2.612158493E2,-6.932523577E1
2.613225858E2,-6.915697076E1
2.614261956E2,-6.999213861E1
2.615328190E2,-7.000424601E1
2.616395474E2,-7.108498922E1
2.617463341E2,-7.171864724E1
2.618518845E2,-7.156732327E1
2.619545361E2,-7.018858843E1
2.620581199E2,-7.022045690E1
2.621648662E2,-7.075741967E1
2.622704891E2,-6.959885607E1
2.623735561E2,не число
2.624795095E2,-6.960394644E1
2.625845326E2,-6.985219064E1
2.626910876E2,-7.007815914E1
2.627956448E2,-6.950667104E1
2.629026103E2,-6.915578422E1
2.630070970E2,-6.968006403E1
2.631096658E2,-6.979399320E1
2.632163932E2,-6.988488044E1
2.633231765E2,-7.040274129E1
2.634276415E2,-7.090957911E1
2.635297945E2,-7.185147194E1
2.636364587E2,-6.990713730E1
2.637432076E2,-7.222004565E1
2.638499929E2,-7.085549897E1
2.639567694E2,-7.174529693E1
2.640616658E2,-7.220366200E1
2.641641838E2,не число
2.642662963E2,-6.938960177E1
2.643731231E2,-6.966116921E1
2.644798098E2,-7.011524159E1
2.645826243E2,-6.987686356E1
2.646893556E2,-7.109704151E1
2.647960572E2,-7.103136221E1
2.649008245E2,-6.913709337E1
2.650075071E2,-6.906490140E1
2.651141376E2,-6.891175424E1
2.652187945E2,-6.865453887E1
2.653255141E2,-6.828027794E1
2.654321855E2,-7.005653640E1
2.655379980E2,-7.183361399E1
2.656446367E2,-6.899148409E1
2.657513838E2,-6.840270557E1
2.658549377E2,-6.861453774E1
2.659616468E2,-6.741340371E1
2.660664257E2,-7.001172040E1
2.661729310E2,-7.135436769E1
2.662795914E2,-6.929271495E1
2.663863714E2,-6.855938097E1
2.664890372E2,-6.920980762E1
2.665957671E2,-6.970299543E1
2.667010906E2,-6.871574787E1
2.668069237E2,-6.960243525E1
2.669094468E2,-6.916518478E1
2.670161853E2,-6.854108440E1
2.671214241E2,-6.701965994E1
2.672255687E2,-7.047893780E1
2.673279398E2,-6.908998998E1
2.674347731E2,-7.123325206E1
2.675414662E2,-7.130545202E1
2.676460665E2,-7.008079655E1
2.677487154E2,-6.799197634E1
2.678555629E2,-6.941188130E1
2.679621487E2,-6.984744029E1
2.680644595E2,-6.876936889E1
2.681711264E2,-7.118679271E1
2.682736227E2,-7.009267171E1
2.683803829E2,-6.995376587E1
2.684829360E2,-6.914196212E1
2.685896062E2,-6.971198107E1
2.686962913E2,-7.122431691E1
2.687990577E2,-6.987541142E1
2.689014781E2,-6.886535181E1
2.690038657E2,-7.104660301E1
2.691107062E2,-7.051134423E1
2.692168440E2,-7.020109260E1
2.693201416E2,-7.051774132E1
2.694268595E2,-6.993625482E1
2.695335694E2,-6.969692588E1
2.696380336E2,-7.005146712E1
2.697448364E2,-7.089779989E1
2.698515427E2,-7.106262674E1
2.699562345E2,-6.926714952E1
2.700630212E2,-7.121941556E1
2.701698023E2,-6.975260520E1
2.702735541E2,-7.129460461E1
2.703802116E2,-7.072508814E1
2.704868803E2,-6.974438707E1
2.705922172E2,-6.829035208E1
2.706943950E2,-6.987094007E1
2.707987307E2,-7.080870856E1
2.709054760E2,-6.919830594E1
2.710105947E2,-7.235312846E1
2.711172683E2,-7.072091486E1
2.712197549E2,-7.058010445E1
2.713266021E2,-7.187425273E1
2.714290398E2,-7.043945231E1
2.715357679E2,-7.047550346E1
2.716425562E2,-7.033256297E1
2.717471534E2,-6.992531655E1
2.718494918E2,-6.971412443E1
2.719556822E2,-6.908308990E1
2.720624273E2,-7.121870877E1
2.721655875E2,не число
2.722715563E2,-7.014942091E1
2.723736008E2,-7.029503818E1
2.724802829E2,-7.087431603E1
2.725840765E2,-7.070303394E1
2.726863846E2,-7.090659455E1
2.727931030E2,-6.949259176E1
2.728968308E2,-6.952224368E1
2.730027036E2,-7.040292655E1
2.731095182E2,-7.054539880E1
2.732162770E2,-7.112741795E1
2.733206262E2,-6.995035638E1
2.734274523E2,-7.063301810E1
2.735296318E2,-6.886824689E1
2.736337200E2,-6.850450036E1
2.737390692E2,-6.852975259E1
2.738458635E2,-7.093200293E1
2.739524885E2,-6.914219621E1
2.740572749E2,-7.092852076E1
2.741640722E2,-6.805686002E1
2.742707148E2,не число
2.743751881E2,-6.750417179E1
2.744775523E2,-7.019709090E1
2.745843075E2,-6.954145639E1
2.746909579E2,-6.894791797E1
2.747936489E2,-7.150894048E1
2.748989434E2,-7.080817353E1
2.750050414E2,-7.127757348E1
2.751117678E2,-7.019910576E1
2.752186344E2,-7.068429279E1
2.753209417E2,-7.047766990E1
2.754277977E2,-7.013642322E1
2.755301887E2,-6.924380087E1
2.756369406E2,-6.800897741E1
2.757437258E2,-6.901376846E1
2.758482643E2,-7.031498743E1
2.759549685E2,-6.966856713E1
2.760619852E2,-6.880475693E1
2.761643890E2,-6.556177357E1
2.762667497E2,-6.946998077E1
2.763690288E2,не число
2.764735742E2,-7.014155717E1
2.765803274E2,-6.866772331E1
2.766853213E2,-6.955838480E1
2.767920995E2,-6.997834354E1
2.768987962E2,-7.125209538E1
2.770032988E2,-7.075158899E1
2.771100494E2,-7.063221714E1
2.772167545E2,-7.011534662E1
2.773193850E2,-7.055120184E1
2.774219161E2,-7.114946095E1
2.775287053E2,-6.995538691E1
2.776353858E2,-7.029830834E1
2.777379261E2,-6.631063621E1
2.778404213E2,-6.794331658E1
2.779471173E2,-7.070915072E1
2.780540334E2,-6.982930301E1
2.781583844E2,-6.744400594E1
2.782651357E2,-6.894742177E1
2.783695840E2,-7.122744794E1
2.784743955E2,не число
2.785803265E2,-6.794179408E1
2.786869912E2,-6.853289897E1
2.787923907E2,-6.870857905E1
2.788949228E2,-6.927742118E1
2.790017213E2,-6.855915186E1
2.791084460E2,-6.912471164E1
2.792119998E2,-7.021069095E1
2.793156341E2,-6.931502778E1
2.794226041E2,-6.890429535E1
2.795289801E2,-6.992171627E1
2.796314922E2,-7.028259702E1
2.797380680E2,-6.902651785E1
2.798432938E2,-6.829729580E1
2.799494685E2,-6.999100600E1
2.800517002E2,-6.945264855E1
2.801563817E2,-6.958229889E1
2.802631765E2,-7.075457212E1
2.803679428E2,-6.987342378E1
2.804735599E2,-6.989806682E1
2.805762363E2,не число
2.806822310E2,-7.032331910E1
2.807864265E2,-7.067419132E1
2.808931714E2,-6.987303423E1
2.809962767E2,-7.065801969E1
2.811024087E2,-7.043329811E1
2.812048711E2,-6.998332280E1
2.813074884E2,-7.015027042E1
2.814142426E2,-7.095085843E1
2.815209338E2,-7.080295954E1
2.816233364E2,-6.979953334E1
2.817301020E2,-6.945236141E1
2.818362675E2,-7.006224227E1
2.819413736E2,-7.065779184E1
2.820436395E2,-7.006671761E1
2.821505572E2,-7.117324237E1
2.822572667E2,-7.214903041E1
2.823598993E2,не число
2.824658424E2,-6.946322580E1
2.825726234E2,-6.996864594E1
2.826778858E2,-6.990050667E1
2.827846249E2,-6.958082470E1
2.828913125E2,-7.055364175E1
2.829958932E2,-6.971530739E1
2.831026772E2,-6.774641760E1
2.832093898E2,-7.065181128E1
2.833139971E2,-7.006680705E1
2.834161543E2,-7.080045077E1
2.835224323E2,-7.165458721E1
2.836290857E2,-7.118128376E1
2.837323670E2,-7.082970865E1
2.838346922E2,-7.100256325E1
2.839414603E2,-7.047826306E1
2.840481815E2,-7.061772022E1
2.841508274E2,-6.929952388E1
2.842576049E2,-7.006742285E1
2.843642916E2,-7.062543537E1
2.844668907E2,не число
2.845692684E2,-7.029708875E1
2.846735588E2,-6.944158326E1
2.847802900E2,-6.984464475E1
2.848852443E2,-6.888834011E1
2.849878608E2,-6.990934275E1
2.850945584E2,-6.907880808E1
2.852013761E2,-6.919259359E1
2.853037863E2,-7.054384614E1
2.854099574E2,-6.988221535E1
2.855166390E2,-7.006004431E1
2.856217012E2,-6.979371446E1
2.857243019E2,-7.011648841E1
2.858310765E2,-7.063365270E1
2.859375666E2,-7.037113064E1
2.860402897E2,-6.980825949E1
2.861469434E2,-6.963301460E1
2.862537498E2,-6.953948145E1
2.863583875E2,-6.815093987E1
2.864607760E2,-6.783863256E1
2.865676148E2,не число
2.866735624E2,-7.010026277E1
2.867767845E2,-7.024806801E1
2.868835010E2,-7.142393642E1
2.869902538E2,-7.023095611E1
2.870948940E2,-7.112080702E1
2.871973288E2,-6.951361714E1
2.873040681E2,-6.957862403E1
2.874107755E2,-7.023749648E1
2.875152764E2,-7.016861257E1
2.876176171E2,-7.050371231E1
2.877242557E2,-7.052905528E1
2.878309444E2,-7.095208969E1
2.879339343E2,-7.013394587E1
2.880407031E2,-7.067083854E1
2.881474153E2,-6.919834950E1
2.882518237E2,-7.111831179E1
2.883586982E2,-6.921043533E1
2.884630435E2,-6.970412984E1
2.885697848E2,-7.132615052E1
2.886735813E2,-6.826014666E1
2.887802653E2,-7.000536567E1
2.888857630E2,-7.093239079E1
2.889882157E2,-6.900964253E1
2.890929115E2,-6.991663067E1
2.891996463E2,-6.974227599E1
2.893042441E2,-6.828337241E1
2.894067339E2,-6.894023872E1
2.895135388E2,-6.553350434E1
2.896202197E2,-6.685146010E1
2.897228051E2,-6.818733785E1
2.898295621E2,-6.822943356E1
2.899329463E2,-6.785951760E1
2.900396724E2,-6.803760859E1
2.901433509E2,-7.112394871E1
2.902501470E2,-7.067356947E1
2.903570283E2,-7.057590406E1
2.904612348E2,-6.970673663E1
2.905679860E2,-7.153900180E1
2.906735223E2,-7.123788078E1
2.907792547E2,-7.004665655E1
2.908860023E2,-6.906898035E1
2.909925910E2,-6.945441122E1
2.910973502E2,-7.102992634E1
2.912040565E2,-7.108675040E1
2.913107652E2,-7.010418095E1
2.914154287E2,-6.890401556E1
2.915195789E2,-7.012673998E1
2.916264220E2,-7.079902353E1
2.917313160E2,-6.987900216E1
2.918338804E2,-6.996903952E1
2.919406095E2,-7.059241946E1
2.920473764E2,-7.071940784E1
2.921519895E2,-7.080441749E1
2.922588777E2,-6.878066614E1
2.923655993E2,-7.099248761E1
2.924697685E2,не число
2.925736044E2,-6.868037158E1
2.926802736E2,-7.006546048E1
2.927857847E2,-7.028242682E1
2.928883369E2,-7.025643672E1
2.929949873E2,-7.051781100E1
2.931016579E2,-6.931061288E1
2.932063418E2,-7.046849931E1
2.933130105E2,-7.075666095E1
2.934198795E2,-6.980693670E1
2.935224841E2,-6.873918474E1
2.936249794E2,-6.943477710E1
2.937317090E2,-6.978512320E1
2.938384403E2,-7.093585607E1
2.939409224E2,-7.103144142E1
2.940476588E2,-7.074709581E1
2.941543452E2,-7.192995265E1
2.942590235E2,-7.088683246E1
2.943614102E2,-7.106648896E1
2.944680644E2,-7.101072243E1
2.945735186E2,не число
2.946773243E2,-7.102425058E1
2.947798109E2,-7.203797076E1
2.948865018E2,-7.032117830E1
2.949932140E2,-6.899377957E1
2.950979420E2,-6.916955393E1
2.952001228E2,-7.053213143E1
2.953069244E2,-7.093481333E1
2.954136901E2,-7.017246761E1
2.955164332E2,-7.036810235E1
2.956231223E2,-7.148366202E1
2.957298024E2,-6.968486089E1
2.958344560E2,-6.950035295E1
2.959412372E2,-6.904662726E1
2.960462920E2,-6.922437744E1
2.961524574E2,-7.036984024E1
2.962563091E2,-7.002234541E1
2.963632118E2,-7.048499915E1
2.964684813E2,-7.064578658E1
2.965728915E2,-7.123341319E1
2.966762179E2,не число
2.967820896E2,-7.103283129E1
2.968869719E2,-7.037248905E1
2.969892931E2,-6.930591691E1
2.970940086E2,-6.864463770E1
2.972007696E2,-6.860850443E1
2.973073505E2,-6.918360392E1
2.974140094E2,-6.908470764E1
2.975208619E2,-6.980024899E1
2.976253102E2,-7.021944885E1
2.977320590E2,-7.071706542E1
2.978387946E2,-6.965528190E1
2.979432816E2,-7.123569909E1
2.980499787E2,-6.974447758E1
2.981566745E2,-7.045623878E1
2.982612985E2,-6.942605806E1
2.983634912E2,-6.945979548E1
2.984690530E2,не число
2.985736333E2,-6.996046676E1
2.986796916E2,-6.956730743E1
2.987863756E2,-6.881802625E1
2.988931638E2,-6.984091399E1
2.989978107E2,-6.790343879E1
2.991029355E2,-6.904715544E1
2.992098696E2,-7.126279831E1
2.993159019E2,-6.989730616E1
2.994226216E2,-6.885082253E1
2.995294949E2,-6.925263291E1
2.996338554E2,-6.897871791E1
2.997406984E2,-6.969949933E1
2.998474310E2,-6.859520946E1
2.999517663E2,-7.083265314E1
3.000562560E2,-6.836132371E1
3.001630261E2,-6.883778126E1
3.002678077E2,-6.894241264E1
3.003735588E2,-6.921599666E1
3.004803310E2,-6.902030894E1
3.005858298E2,-6.865966135E1
3.006926437E2,-6.831548495E1
3.007993450E2,-6.951701010E1
3.009039719E2,-6.715878797E1
3.010107577E2,-6.644960099E1
3.011174324E2,-6.808772857E1
3.012239761E2,-6.830492471E1
3.013307408E2,-6.697298118E1
3.014374409E2,-6.636425713E1
3.015400810E2,-6.729584343E1
3.016424500E2,-6.674889726E1
3.017490781E2,-6.543100123E1
3.018558423E2,-6.680203510E1
3.019605365E2,-6.613715212E1
3.020662661E2,-6.462597378E1
3.021730640E2,-6.679017595E1
3.022785464E2,-6.930083160E1
3.023852186E2,-6.694246215E1
3.024911708E2,-6.953037793E1
3.025967589E2,-6.791066737E1
3.027035917E2,-6.800468478E1
3.028103534E2,-6.791568241E1
3.029126723E2,-6.857951044E1
3.030151207E2,-6.816091766E1
3.031217796E2,-6.698404714E1
3.032284763E2,-6.820872314E1
3.033332381E2,-6.823746065E1
3.034359707E2,-6.736832271E1
3.035426557E2,-6.902078339E1
3.036494258E2,-6.643741723E1
3.037563269E2,-6.751067315E1
3.038629429E2,-6.789191208E1
3.039672930E2,-6.963420564E1
3.040735003E2,не число
3.041793725E2,-6.643105832E1
3.042852475E2,-6.694860772E1
3.043877515E2,-6.559482042E1
3.044944936E2,-6.640217991E1
3.046012946E2,-6.507949411E1
3.047058459E2,-6.783092341E1
3.048126137E2,-6.830262926E1
3.049192773E2,-6.823183559E1
3.050219169E2,-6.783399177E1
3.051286322E2,-6.754924186E1
3.052352803E2,-6.736003038E1
3.053420061E2,-6.818686285E1
3.054448366E2,-6.538010507E1
3.055515873E2,-6.513766433E1
3.056580819E2,-6.539932087E1
3.057604428E2,-6.707776343E1
3.058672095E2,-6.669898094E1
3.059735993E2,-6.912732561E1
3.060784598E2,-6.666227567E1
3.061853640E2,-6.611404970E1
3.062920603E2,-6.824093444E1
3.063945151E2,-6.685627626E1
3.064969080E2,-6.550485993E1
3.066037090E2,-6.562513665E1
3.067105112E2,-6.439192649E1
3.068151091E2,-6.644654284E1
3.069196318E2,-6.463287090E1
3.070264110E2,-6.446139953E1
3.071310707E2,-6.561509050E1
3.072334575E2,-6.439410327E1
3.073376275E2,-6.489196134E1
3.074442864E2,-6.407710339E1
3.075494542E2,-6.417711424E1
3.076519342E2,-6.343150727E1
3.077588053E2,-6.437713888E1
3.078658067E2,-6.699219251E1
3.079680210E2,-6.607375691E1
3.080727365E2,-6.544620246E1
3.081795808E2,-6.321991240E1
3.082859364E2,-6.687659622E1
3.083884099E2,-6.548752405E1
3.084954082E2,-6.858146431E1
3.086015484E2,-6.829350539E1
3.087044722E2,-6.419071119E1
3.088069154E2,-6.759176910E1
3.089136040E2,-6.569261547E1
3.090202279E2,-6.745245617E1
3.091229325E2,-6.513892428E1
3.092254059E2,-6.430713902E1
3.093320673E2,-6.626971303E1
3.094387870E2,-6.537863942E1
3.095433692E2,-6.863719404E1
3.096502010E2,-6.682461224E1
3.097570481E2,-6.798066583E1
3.098613357E2,-6.695668903E1
3.099662596E2,не число
3.100695887E2,-6.730671696E1
3.101735650E2,-6.799758712E1
3.102799146E2,-6.889685369E1
3.103865582E2,-6.784759609E1
3.104895848E2,-6.749537751E1
3.105957635E2,-6.948289407E1
3.106982617E2,-6.720475730E1
3.108009389E2,-6.848592327E1
3.109076715E2,-7.045121236E1
3.110141952E2,-6.885131447E1
3.111167167E2,-7.039664127E1
3.112204159E2,-7.130786110E1
3.113271078E2,-7.059318385E1
3.114327067E2,-7.044972637E1
3.115351513E2,-6.881628532E1
3.116419297E2,-6.868401745E1
3.117488320E2,-7.017105220E1
3.118511956E2,-6.987443789E1
3.119535654E2,-6.982657596E1
3.120602167E2,-7.145929784E1
3.121669460E2,-6.954098770E1
3.122735742E2,-7.142025527E1
3.123803412E2,-6.913540355E1
3.124870851E2,-6.822557772E1
3.125895575E2,-6.916953576E1
3.126964134E2,-6.840208673E1
3.128031218E2,-6.971774896E1
3.129076898E2,-7.128139780E1
3.130095985E2,-6.964592025E1
3.131162962E2,-6.860893447E1
3.132195117E2,-6.973877012E1
3.133239979E2,-6.869134773E1
3.134306775E2,-6.918369793E1
3.135373866E2,-6.984255491E1
3.136421957E2,-6.749144093E1
3.137446696E2,-6.538549348E1
3.138515355E2,-6.863024035E1
3.139583362E2,-6.773408274E1
3.140626971E2,-7.032827068E1
3.141694419E2,не число
3.142735753E2,-7.019325429E1
3.143787290E2,-6.987524746E1
3.144811062E2,-6.969084095E1
3.145878863E2,-6.924594037E1
3.146945822E2,-7.013202248E1
3.147991719E2,-7.011408911E1
3.149058424E2,-6.996087939E1
3.150125792E2,-6.947558620E1
3.151152316E2,-7.000637967E1
3.152220069E2,-6.784997463E1
3.153286754E2,-7.023967340E1
3.154353117E2,-6.960310330E1
3.155422222E2,-7.099341950E1
3.156490002E2,-7.130470082E1
3.157533567E2,-7.025400643E1
3.158601010E2,-6.983590812E1
3.159660798E2,не число
3.160712488E2,-7.071906695E1
3.161736377E2,-7.032622928E1
3.162780888E2,-7.028341565E1
3.163839146E2,-7.054622468E1
3.164897605E2,-7.027330277E1
3.165965923E2,-7.142666288E1
3.167032943E2,-7.074205110E1
3.168078546E2,-7.015991671E1
3.169146436E2,-7.048769641E1
3.170213411E2,-6.972342224E1
3.171258399E2,-7.076265604E1
3.172326051E2,-6.942978798E1
3.173375528E2,-6.809224606E1
3.174438121E2,-6.973370151E1
3.175505626E2,-7.019198438E1
3.176529218E2,-7.085862705E1
3.177596138E2,-7.053437342E1
3.178623552E2,-6.914815258E1
3.179691708E2,-7.066661309E1
3.180735086E2,-7.047075398E1
3.181783450E2,-7.054565496E1
3.182807292E2,-7.011691427E1
3.183874044E2,-6.963625263E1
3.184941035E2,-7.017066182E1
3.185988994E2,-6.963283808E1
3.187029053E2,-7.013649246E1
3.188095737E2,-7.029060787E1
3.189150345E2,-7.052102592E1
3.190218379E2,-6.979939681E1
3.191286235E2,-6.913877424E1
3.192348557E2,-6.956398589E1
3.193416261E2,-6.891823215E1
3.194483811E2,-6.910982826E1
3.195529551E2,-7.022918853E1
3.196585137E2,-6.954429628E1
3.197654854E2,-7.021223803E1
3.198710177E2,-6.985013075E1
3.199736265E2,-6.939043075E1
3.200803083E2,-6.873666973E1
3.201870581E2,-7.104780179E1
3.202895586E2,-7.004523320E1
3.203963464E2,-6.996004677E1
3.205030618E2,-6.961406104E1
3.206074454E2,-7.183390541E1
3.207141350E2,-6.862590800E1
3.208208728E2,-7.016433724E1
3.209254277E2,-6.829957751E1
3.210322301E2,-6.880002220E1
3.211389771E2,-7.101820048E1
3.212415386E2,-6.999984036E1
3.213439905E2,-6.918111816E1
3.214507289E2,-6.975294940E1
3.215535573E2,-6.904394987E1
3.216600416E2,-6.838950777E1
3.217624244E2,-7.008669784E1
3.218687576E2,не число
3.219735836E2,-6.866051650E1
3.220784900E2,-6.970060473E1
3.221810184E2,-6.858560875E1
3.222878393E2,-6.954555762E1
3.223945702E2,-7.037395620E1
3.224990015E2,-6.832524855E1
3.226057258E2,-6.975280360E1
3.227123709E2,-6.734772960E1
3.228170238E2,-7.025316003E1
3.229237330E2,-6.821614327E1
3.230306216E2,-6.735080558E1
3.231350692E2,-6.459019868E1
3.232419437E2,-6.876041130E1
3.233474081E2,-6.777959134E1
3.234531345E2,-6.838186585E1
3.235597704E2,-6.904502100E1
3.236665493E2,не число
3.237711433E2,-6.838517560E1
3.238736074E2,-6.892476155E1
3.239803072E2,-6.851125841E1
3.240870247E2,-6.709462683E1
3.241896726E2,-6.848872280E1
3.242963313E2,-7.057109947E1
3.244030300E2,-7.045569295E1
3.245076870E2,-6.945444226E1
3.246143835E2,-6.959340064E1
3.247210737E2,-6.777495967E1
3.248269152E2,-6.989914327E1
3.249336545E2,-7.073050740E1
3.250403796E2,-6.918823809E1
3.251437795E2,-6.998066331E1
3.252504916E2,-6.939123691E1
3.253571955E2,-6.934330783E1
3.254618513E2,-6.928693292E1
3.255644318E2,-7.061923663E1
3.256710559E2,-6.983378056E1
3.257735805E2,-6.929835193E1
3.258783540E2,-6.802882372E1
3.259806981E2,-6.898706585E1
3.260873457E2,-7.105104969E1
3.261929215E2,-6.956180298E1
3.262988368E2,-6.848976637E1
3.264028915E2,-7.000146119E1
3.265058687E2,-6.865810929E1
3.266125757E2,-6.988754167E1
3.267172813E2,-6.963023251E1
3.268240089E2,-7.039375673E1
3.269306239E2,-6.834889495E1
3.270353302E2,-6.840453052E1
3.271421612E2,-6.992528800E1
3.272462568E2,-6.984458049E1
3.273513825E2,-6.862755165E1
3.274537883E2,-7.037359780E1
3.275604694E2,-7.072096567E1
3.276672621E2,-6.865267643E1
3.277735455E2,-7.044653013E1
3.278802106E2,-6.878187707E1
3.279868459E2,-6.833964812E1
3.280899105E2,-6.803812265E1
3.281965262E2,-6.970105911E1
3.283032730E2,-6.894958692E1
3.284078898E2,-6.990382897E1
3.285146514E2,-6.679322676E1
3.286215211E2,-6.678136563E1
3.287259207E2,-6.684964914E1
3.288295665E2,-6.921542736E1
3.289363364E2,-7.020867675E1
3.290420058E2,-6.897345198E1
3.291444832E2,-6.927150178E1
3.292511619E2,-6.972872336E1
3.293578889E2,-7.014682066E1
3.294624153E2,-6.873174559E1
3.295691826E2,не число
3.296735744E2,-7.031898754E1
3.297785428E2,-6.893128960E1
3.298852115E2,-6.980598926E1
3.299920097E2,-7.025227730E1
3.300966482E2,-6.788971343E1
3.302033835E2,-6.870023391E1
3.303100745E2,-7.063533440E1
3.304145566E2,-7.131118917E1
3.305171898E2,-7.074169566E1
3.306239364E2,-7.039843968E1
3.307307004E2,-6.958772013E1
3.308333324E2,-6.921706576E1
3.309357744E2,-6.958824578E1
3.310425531E2,-6.943904568E1
3.311473034E2,-6.976474843E1
3.312537427E2,-6.838465658E1
3.313605358E2,-7.023271174E1
3.314672419E2,-7.080181419E1
3.315736465E2,-7.135915160E1
3.316761864E2,не число
3.317822447E2,-6.955194560E1
3.318877695E2,-6.977655342E1
3.319903278E2,-6.933880048E1
3.320970439E2,-6.899782073E1
3.322037407E2,-6.947511537E1
3.323082814E2,-7.024265240E1
3.324150398E2,-7.005548597E1
3.325217358E2,-7.019404586E1
3.326263330E2,-6.921913578E1
3.327330575E2,-7.112334551E1
3.328397868E2,-7.074534496E1
3.329444502E2,-6.870273986E1
3.330511939E2,-6.971270371E1
3.331580201E2,-6.881402433E1
3.332626015E2,-6.988162506E1
3.333695582E2,-6.852579187E1
3.334735570E2,-6.906810600E1
3.335786090E2,-7.044221336E1
3.336809712E2,-6.891152368E1
3.337876976E2,-7.019303761E1
3.338928824E2,-5.956644474E1
3.339990533E2,-5.609621788E1
3.341057166E2,-5.798841129E1
3.342124371E2,-6.153405791E1
3.343151386E2,-5.717974900E1
3.344174743E2,-5.294956687E1
3.345229023E2,-5.073975056E1
3.346297005E2,-4.734176359E1
3.347356055E2,-3.991176174E1
3.348423800E2,-2.348225999E1
3.349490775E2,-2.601566620E1
3.350517669E2,-3.482454624E1
3.351585522E2,-4.100417947E1
3.352653469E2,-4.711026078E1
3.353697321E2,-5.210361675E1
3.354736293E2,-5.807058383E1
3.355804066E2,-5.913832046E1
3.356870375E2,-5.991326877E1
3.357937491E2,-6.027676209E1
3.359005159E2,-6.208098740E1
3.360056675E2,-6.493129681E1
3.361084095E2,-6.425529186E1
3.362151922E2,-6.767873966E1
3.363182078E2,-6.575995384E1
3.364243995E2,-6.511777062E1
3.365268528E2,-6.562002130E1
3.366336400E2,-6.646144685E1
3.367395845E2,-6.737997695E1
3.368449137E2,-6.726183513E1
3.369515145E2,-6.629780918E1
3.370582198E2,-6.766320190E1
3.371608994E2,-6.818496069E1
3.372633980E2,не число
3.373682517E2,-5.962010045E1
3.374736043E2,-6.877882590E1
3.375794823E2,-6.812019643E1
3.376848254E2,-6.466021222E1
3.377895563E2,-6.792747845E1
3.378939936E2,-6.831193116E1
3.380000236E2,-6.857813080E1
3.381067167E2,-6.525439605E1
3.382095393E2,-5.720747093E1
3.383161838E2,-6.081521066E1
3.384185683E2,-6.505516488E1
3.385254630E2,-6.685654640E1
3.386322427E2,-6.776659434E1
3.387365582E2,-6.521241679E1
3.388395888E2,-6.277665358E1
3.389463223E2,-6.457462773E1
3.390526392E2,-6.318451771E1
3.391562620E2,-6.010632529E1
3.392629183E2,-6.372026028E1
3.393696479E2,не число
3.394729174E2,-6.691762383E1
3.395791913E2,-6.504289667E1
3.396859675E2,-6.322149671E1
3.397910986E2,-6.575859128E1
3.398978277E2,-6.810715529E1
3.400000884E2,-6.801777384E1
3.401063161E2,-6.652118430E1
3.402096292E2,-6.674480111E1
3.403164115E2,-6.926568182E1
3.404230482E2,-6.817200801E1
3.405276489E2,-6.677807990E1
3.406343963E2,-6.674800910E1
3.407411498E2,-6.580110040E1
3.408456987E2,-6.646989173E1
3.409526385E2,-6.719269048E1
3.410562083E2,-6.768236993E1
3.411617797E2,-5.938337381E1
3.412642469E2,-6.513862957E1
3.413710088E2,-5.896232241E1
3.414735134E2,не число
3.415795051E2,-6.373248823E1
3.416826135E2,-6.493737952E1
3.417893481E2,-6.318900010E1
3.418960815E2,-6.522404289E1
3.420006752E2,-6.819069547E1
3.421073388E2,-6.185029483E1
3.422133096E2,-6.297986864E1
3.423169282E2,-6.751019630E1
3.424192087E2,-6.877873637E1
3.425259840E2,-6.652251052E1
3.426300791E2,-6.833647799E1